function,n_states,timesteps,max_duration,iteration,elapsed_s
HSMMLearn_OMP,10,100000,1000,0,11.173671
HSMMLearn_OMP,10,100000,1000,1,11.295767
HSMMLearn_OMP,10,100000,1000,2,11.283284
HSMMLearn_OMP,10,100000,1000,3,11.288018
HSMMLearn_OMP,10,100000,1000,4,11.278754
HSMMLearn_OMP,10,100000,1000,5,11.287872
