function,n_states,timesteps,max_duration,iteration,elapsed_s
HSMMLearn_OMP,10,100000,1000,0,11.199946
HSMMLearn_OMP,10,100000,1000,1,11.304607
HSMMLearn_OMP,10,100000,1000,2,11.313128
HSMMLearn_OMP,10,100000,1000,3,11.299032
HSMMLearn_OMP,10,100000,1000,4,11.291397
HSMMLearn_OMP,10,100000,1000,5,11.306670
