function,n_states,timesteps,max_duration,iteration,elapsed_s
HSMMLearn_CPP,15,10000,1000,0,18.971801
HSMMLearn_CPP,15,10000,1000,1,18.925532
HSMMLearn_CPP,15,10000,1000,2,18.912542
HSMMLearn_CPP,15,10000,1000,3,18.909028
HSMMLearn_CPP,15,10000,1000,4,18.914766
HSMMLearn_CPP,15,10000,1000,5,18.927150
