function,n_states,timesteps,max_duration,iteration,elapsed_s
HSMMLearn_OMP,15,100000,1000,0,15.154784
HSMMLearn_OMP,15,100000,1000,1,15.251790
HSMMLearn_OMP,15,100000,1000,2,15.262287
HSMMLearn_OMP,15,100000,1000,3,15.244937
HSMMLearn_OMP,15,100000,1000,4,15.253770
HSMMLearn_OMP,15,100000,1000,5,15.250117
