function,n_states,timesteps,max_duration,iteration,elapsed_s
HSMMLearn_OMP,15,100000,1000,0,16.341046
HSMMLearn_OMP,15,100000,1000,1,15.265976
HSMMLearn_OMP,15,100000,1000,2,15.292759
HSMMLearn_OMP,15,100000,1000,3,15.266944
HSMMLearn_OMP,15,100000,1000,4,15.299823
HSMMLearn_OMP,15,100000,1000,5,15.293892
