function,n_states,timesteps,max_duration,iteration,elapsed_s
HSMMLearn_CPP,25,10000,1000,0,51.901188
HSMMLearn_CPP,25,10000,1000,1,51.875890
HSMMLearn_CPP,25,10000,1000,2,51.795007
HSMMLearn_CPP,25,10000,1000,3,51.815263
HSMMLearn_CPP,25,10000,1000,4,51.785833
HSMMLearn_CPP,25,10000,1000,5,51.850711
