function,n_states,timesteps,max_duration,iteration,elapsed_s
HSMMLearn_OMP,25,100000,1000,0,26.890086
HSMMLearn_OMP,25,100000,1000,1,26.872325
HSMMLearn_OMP,25,100000,1000,2,26.900888
HSMMLearn_OMP,25,100000,1000,3,26.484716
HSMMLearn_OMP,25,100000,1000,4,27.153087
HSMMLearn_OMP,25,100000,1000,5,26.869265
