function,n_states,timesteps,max_duration,iteration,elapsed_s
HSMMLearn_OMP,25,100000,500,0,13.738031
HSMMLearn_OMP,25,100000,500,1,13.838271
HSMMLearn_OMP,25,100000,500,2,13.816023
HSMMLearn_OMP,25,100000,500,3,13.897094
HSMMLearn_OMP,25,100000,500,4,13.894548
HSMMLearn_OMP,25,100000,500,5,13.805855
