function,n_states,timesteps,max_duration,iteration,elapsed_s
HSMMLearn_CPP,25,10000,1000,0,52.505103
HSMMLearn_CPP,25,10000,1000,1,52.572096
HSMMLearn_CPP,25,10000,1000,2,53.287695
HSMMLearn_CPP,25,10000,1000,3,53.001597
HSMMLearn_CPP,25,10000,1000,4,52.364087
HSMMLearn_CPP,25,10000,1000,5,52.201449
