function,n_states,timesteps,max_duration,iteration,elapsed_s
HSMMLearn_OMP,25,100000,500,0,13.550275
HSMMLearn_OMP,25,100000,500,1,13.710716
HSMMLearn_OMP,25,100000,500,2,13.688918
HSMMLearn_OMP,25,100000,500,3,13.672171
HSMMLearn_OMP,25,100000,500,4,13.678870
HSMMLearn_OMP,25,100000,500,5,13.683800
