function,n_states,timesteps,max_duration,iteration,elapsed_s
HSMMLearn_OMP,50,100000,500,0,28.351325
HSMMLearn_OMP,50,100000,500,1,28.657407
HSMMLearn_OMP,50,100000,500,2,28.555545
HSMMLearn_OMP,50,100000,500,3,28.580357
HSMMLearn_OMP,50,100000,500,4,28.572477
HSMMLearn_OMP,50,100000,500,5,28.596732
