function,n_states,timesteps,max_duration,iteration,elapsed_s
HSMMLearn_CPP,50,10000,1000,0,196.325242
HSMMLearn_CPP,50,10000,1000,1,196.198265
HSMMLearn_CPP,50,10000,1000,2,196.354433
HSMMLearn_CPP,50,10000,1000,3,195.452098
HSMMLearn_CPP,50,10000,1000,4,196.370184
HSMMLearn_CPP,50,10000,1000,5,196.755731
