function,n_states,timesteps,max_duration,iteration,elapsed_s
HSMMLearn_CPP,50,10000,1000,0,194.841649
HSMMLearn_CPP,50,10000,1000,1,194.369675
HSMMLearn_CPP,50,10000,1000,2,194.365881
HSMMLearn_CPP,50,10000,1000,3,194.690595
HSMMLearn_CPP,50,10000,1000,4,194.486550
HSMMLearn_CPP,50,10000,1000,5,194.405731
