function,n_states,timesteps,max_duration,iteration,elapsed_s
HSMMLearn_CPP,50,10000,500,0,102.143346
HSMMLearn_CPP,50,10000,500,1,102.416215
HSMMLearn_CPP,50,10000,500,2,102.496871
HSMMLearn_CPP,50,10000,500,3,102.512151
HSMMLearn_CPP,50,10000,500,4,102.353845
HSMMLearn_CPP,50,10000,500,5,102.552353
