function,n_states,timesteps,max_duration,iteration,elapsed_s
HSMMLearn_OMP,50,100000,1000,0,54.577728
HSMMLearn_OMP,50,100000,1000,1,54.823800
HSMMLearn_OMP,50,100000,1000,2,54.793289
HSMMLearn_OMP,50,100000,1000,3,54.888726
HSMMLearn_OMP,50,100000,1000,4,54.956181
HSMMLearn_OMP,50,100000,1000,5,54.698579
