function,n_states,timesteps,max_duration,iteration,elapsed_s
HSMMLearn_OMP,50,100000,250,0,14.891991
HSMMLearn_OMP,50,100000,250,1,14.741306
HSMMLearn_OMP,50,100000,250,2,14.668974
HSMMLearn_OMP,50,100000,250,3,14.652728
HSMMLearn_OMP,50,100000,250,4,14.652676
HSMMLearn_OMP,50,100000,250,5,14.656959
