function,n_states,timesteps,max_duration,iteration,elapsed_s
HSMMLearn_CPP,50,10000,500,0,101.638916
HSMMLearn_CPP,50,10000,500,1,101.555279
HSMMLearn_CPP,50,10000,500,2,101.552746
HSMMLearn_CPP,50,10000,500,3,101.907967
HSMMLearn_CPP,50,10000,500,4,101.905607
HSMMLearn_CPP,50,10000,500,5,101.797173
