function,n_states,timesteps,max_duration,iteration,elapsed_s
HSMMLearn_OMP,50,100000,250,0,14.599632
HSMMLearn_OMP,50,100000,250,1,14.583372
HSMMLearn_OMP,50,100000,250,2,14.594832
HSMMLearn_OMP,50,100000,250,3,15.166067
HSMMLearn_OMP,50,100000,250,4,14.579302
HSMMLearn_OMP,50,100000,250,5,15.648864
