function,n_states,timesteps,max_duration,iteration,elapsed_s
HSMMLearn_OMP,50,100000,1000,0,54.053161
HSMMLearn_OMP,50,100000,1000,1,53.743603
HSMMLearn_OMP,50,100000,1000,2,53.614543
HSMMLearn_OMP,50,100000,1000,3,53.451872
HSMMLearn_OMP,50,100000,1000,4,53.619196
HSMMLearn_OMP,50,100000,1000,5,53.622864
