function,n_states,timesteps,max_duration,iteration,elapsed_s
HSMMLearn_OMP,50,100000,500,0,27.859003
HSMMLearn_OMP,50,100000,500,1,27.772604
HSMMLearn_OMP,50,100000,500,2,27.709786
HSMMLearn_OMP,50,100000,500,3,27.650810
HSMMLearn_OMP,50,100000,500,4,27.569418
HSMMLearn_OMP,50,100000,500,5,27.592881
