function,n_states,timesteps,max_duration,iteration,elapsed_s
HSMMLearn_OMP,75,10000,1000,0,13.607962
HSMMLearn_OMP,75,10000,1000,1,13.696644
HSMMLearn_OMP,75,10000,1000,2,13.698431
HSMMLearn_OMP,75,10000,1000,3,13.730195
HSMMLearn_OMP,75,10000,1000,4,13.695078
HSMMLearn_OMP,75,10000,1000,5,13.707760
