function,n_states,timesteps,max_duration,iteration,elapsed_s
HSMMLearn_CPP,75,10000,250,0,113.736945
HSMMLearn_CPP,75,10000,250,1,114.226251
HSMMLearn_CPP,75,10000,250,2,114.287092
HSMMLearn_CPP,75,10000,250,3,113.823011
HSMMLearn_CPP,75,10000,250,4,113.820113
HSMMLearn_CPP,75,10000,250,5,113.882198
