function,n_states,timesteps,max_duration,iteration,elapsed_s
HSMMLearn_OMP,75,100000,500,0,70.782871
HSMMLearn_OMP,75,100000,500,1,71.039970
HSMMLearn_OMP,75,100000,500,2,71.115759
HSMMLearn_OMP,75,100000,500,3,71.175858
HSMMLearn_OMP,75,100000,500,4,70.750606
HSMMLearn_OMP,75,100000,500,5,71.008598
