function,n_states,timesteps,max_duration,iteration,elapsed_s
HSMMLearn_OMP,75,100000,500,0,73.712319
HSMMLearn_OMP,75,100000,500,1,73.914191
HSMMLearn_OMP,75,100000,500,2,73.655227
HSMMLearn_OMP,75,100000,500,3,73.746147
HSMMLearn_OMP,75,100000,500,4,73.819042
HSMMLearn_OMP,75,100000,500,5,73.801786
