function,n_states,timesteps,max_duration,iteration,elapsed_s
HSMMLearn_OMP,75,100000,100,0,16.069687
HSMMLearn_OMP,75,100000,100,1,16.310938
HSMMLearn_OMP,75,100000,100,2,16.293039
HSMMLearn_OMP,75,100000,100,3,16.209247
HSMMLearn_OMP,75,100000,100,4,16.033640
HSMMLearn_OMP,75,100000,100,5,16.208258
