function,n_states,timesteps,max_duration,iteration,elapsed_s
HSMMLearn_OMP,75,100000,250,0,38.422859
HSMMLearn_OMP,75,100000,250,1,38.528512
HSMMLearn_OMP,75,100000,250,2,38.533647
HSMMLearn_OMP,75,100000,250,3,38.617296
HSMMLearn_OMP,75,100000,250,4,38.520568
HSMMLearn_OMP,75,100000,250,5,38.522487
