function,n_states,timesteps,max_duration,iteration,elapsed_s
HSMMLearn_OMP,75,100000,250,0,37.688844
HSMMLearn_OMP,75,100000,250,1,37.588404
HSMMLearn_OMP,75,100000,250,2,37.573506
HSMMLearn_OMP,75,100000,250,3,38.346880
HSMMLearn_OMP,75,100000,250,4,37.540160
HSMMLearn_OMP,75,100000,250,5,37.589707
