function,n_states,timesteps,max_duration,iteration,elapsed_s
HSMMLearn_OMP,75,100000,1000,0,145.528370
HSMMLearn_OMP,75,100000,1000,1,145.632836
HSMMLearn_OMP,75,100000,1000,2,145.488205
HSMMLearn_OMP,75,100000,1000,3,145.296511
HSMMLearn_OMP,75,100000,1000,4,145.592112
HSMMLearn_OMP,75,100000,1000,5,145.097543
