function,n_states,timesteps,max_duration,iteration,elapsed_s
HSMMLearn_CPP,75,10000,500,0,218.498431
HSMMLearn_CPP,75,10000,500,1,221.341938
HSMMLearn_CPP,75,10000,500,2,220.595228
HSMMLearn_CPP,75,10000,500,3,220.155300
HSMMLearn_CPP,75,10000,500,4,220.166058
HSMMLearn_CPP,75,10000,500,5,220.325416
