function,n_states,timesteps,max_duration,iteration,elapsed_s
HSMMLearn_OMP,75,100000,100,0,16.081203
HSMMLearn_OMP,75,100000,100,1,16.137818
HSMMLearn_OMP,75,100000,100,2,16.117076
HSMMLearn_OMP,75,100000,100,3,16.070228
HSMMLearn_OMP,75,100000,100,4,16.132576
HSMMLearn_OMP,75,100000,100,5,16.126174
