function,n_states,timesteps,max_duration,iteration,elapsed_s
HSMMLearn_CPP,75,10000,1000,0,414.581557
HSMMLearn_CPP,75,10000,1000,1,415.191103
HSMMLearn_CPP,75,10000,1000,2,415.184024
HSMMLearn_CPP,75,10000,1000,3,415.408268
HSMMLearn_CPP,75,10000,1000,4,415.006672
HSMMLearn_CPP,75,10000,1000,5,415.086876
