function,n_states,timesteps,max_duration,iteration,elapsed_s
HSMMLearn_CPP,75,10000,1000,0,415.924203
HSMMLearn_CPP,75,10000,1000,1,417.347945
HSMMLearn_CPP,75,10000,1000,2,416.986693
HSMMLearn_CPP,75,10000,1000,3,417.004346
HSMMLearn_CPP,75,10000,1000,4,417.159663
HSMMLearn_CPP,75,10000,1000,5,417.227941
