function,n_states,timesteps,max_duration,iteration,elapsed_s
HSMMLearn_OMP,75,100000,1000,0,141.770015
HSMMLearn_OMP,75,100000,1000,1,141.863950
HSMMLearn_OMP,75,100000,1000,2,141.805878
HSMMLearn_OMP,75,100000,1000,3,141.928251
HSMMLearn_OMP,75,100000,1000,4,142.348612
HSMMLearn_OMP,75,100000,1000,5,142.474400
