{
  "seed": 42,
  "n_steps": 20,
  "M": 5,
  "emission": "nonp",
  "duration": "nonp",
  "obs_seq": [
    1,
    1,
    3,
    2,
    2,
    2,
    1,
    5,
    1,
    5,
    4,
    1,
    1,
    1,
    2,
    2,
    5,
    5,
    1,
    5
  ],
  "pi": [
    0.9,
    0.1,
    0.0,
    0.0
  ],
  "trans_mat": [
    [
      0.0,
      0.9,
      0.0,
      0.1
    ],
    [
      0.1,
      0.0,
      0.5,
      0.4
    ],
    [
      0.0,
      1.0,
      0.0,
      0.0
    ],
    [
      0.2,
      0.8,
      0.0,
      0.0
    ]
  ],
  "n_bins": 13,
  "states": [
    {
      "id": 0,
      "name": "Awake",
      "emission_probs": [
        0.001,
        0.001,
        0.002,
        0.002,
        0.002,
        0.01,
        0.03,
        0.15,
        0.3,
        0.3,
        0.15,
        0.04,
        0.012
      ],
      "duration_probs": [
        0.02204615474365985,
        0.06790693729527526,
        0.1629002741666087,
        0.3043377786763674,
        0.4428088551180889
      ]
    },
    {
      "id": 1,
      "name": "Light",
      "emission_probs": [
        0.01,
        0.03,
        0.1,
        0.25,
        0.3,
        0.2,
        0.08,
        0.02,
        0.005,
        0.002,
        0.001,
        0.001,
        0.001
      ],
      "duration_probs": [
        0.0684053186786938,
        0.1084607200306937,
        0.16930478972166288,
        0.26018374164751346,
        0.39364542992143614
      ]
    },
    {
      "id": 2,
      "name": "Deep",
      "emission_probs": [
        0.15,
        0.3,
        0.35,
        0.15,
        0.04,
        0.005,
        0.002,
        0.001,
        0.001,
        0.001,
        0.0,
        0.0,
        0.0
      ],
      "duration_probs": [
        0.06093698011050859,
        0.0999670085647432,
        0.16236391701977343,
        0.26108348372719864,
        0.41564861057777625
      ]
    },
    {
      "id": 3,
      "name": "REM",
      "emission_probs": [
        0.001,
        0.001,
        0.002,
        0.002,
        0.002,
        0.01,
        0.03,
        0.2,
        0.4,
        0.25,
        0.08,
        0.02,
        0.002
      ],
      "duration_probs": [
        0.014945748549313262,
        0.03982229301252527,
        0.1019443301473284,
        0.25074259159517936,
        0.5925450366956536
      ]
    }
  ]
}