function,n_states,timesteps,max_duration,iteration,elapsed_s
HSMMLearn_CPP,10,100000,1000,0,157.051849
HSMMLearn_CPP,10,100000,1000,1,157.410437
HSMMLearn_CPP,10,100000,1000,2,157.214182
HSMMLearn_CPP,10,100000,1000,3,157.550442
HSMMLearn_CPP,10,100000,1000,4,157.393875
HSMMLearn_CPP,10,100000,1000,5,157.393542
