function,n_states,timesteps,max_duration,iteration,elapsed_s
HSMMLearn_CPP,10,100000,500,0,80.932412
HSMMLearn_CPP,10,100000,500,1,81.023727
HSMMLearn_CPP,10,100000,500,2,81.015119
HSMMLearn_CPP,10,100000,500,3,81.007654
HSMMLearn_CPP,10,100000,500,4,80.901306
HSMMLearn_CPP,10,100000,500,5,81.024530
