function,n_states,timesteps,max_duration,iteration,elapsed_s
HSMMLearn_CPP,10,10000,1000,0,14.871005
HSMMLearn_CPP,10,10000,1000,1,14.869167
HSMMLearn_CPP,10,10000,1000,2,14.867807
HSMMLearn_CPP,10,10000,1000,3,14.865614
HSMMLearn_CPP,10,10000,1000,4,14.866433
HSMMLearn_CPP,10,10000,1000,5,14.868864
