function,n_states,timesteps,max_duration,iteration,elapsed_s
HSMMLearn_CPP,10,100000,100,0,17.141366
HSMMLearn_CPP,10,100000,100,1,17.138852
HSMMLearn_CPP,10,100000,100,2,17.138248
HSMMLearn_CPP,10,100000,100,3,17.137727
HSMMLearn_CPP,10,100000,100,4,17.126303
HSMMLearn_CPP,10,100000,100,5,17.124885
