function,n_states,timesteps,max_duration,iteration,elapsed_s
HSMMLearn_CPP,10,100000,1000,0,156.053065
HSMMLearn_CPP,10,100000,1000,1,156.044149
HSMMLearn_CPP,10,100000,1000,2,155.846372
HSMMLearn_CPP,10,100000,1000,3,156.042826
HSMMLearn_CPP,10,100000,1000,4,156.037621
HSMMLearn_CPP,10,100000,1000,5,156.118987
