function,n_states,timesteps,max_duration,iteration,elapsed_s
HSMMLearn_OMP,10,100000,1000,0,17.712107
HSMMLearn_OMP,10,100000,1000,1,15.830597
HSMMLearn_OMP,10,100000,1000,2,15.904841
HSMMLearn_OMP,10,100000,1000,3,15.865410
HSMMLearn_OMP,10,100000,1000,4,16.155416
HSMMLearn_OMP,10,100000,1000,5,15.852518
