function,n_states,timesteps,max_duration,iteration,elapsed_s
HSMMLearn_OMP,10,100000,1000,0,21.251510
HSMMLearn_OMP,10,100000,1000,1,21.270305
HSMMLearn_OMP,10,100000,1000,2,21.271954
HSMMLearn_OMP,10,100000,1000,3,21.251350
HSMMLearn_OMP,10,100000,1000,4,21.279641
HSMMLearn_OMP,10,100000,1000,5,21.256321
