function,n_states,timesteps,max_duration,iteration,elapsed_s
HSMMLearn_CPP,10,100000,250,0,41.911181
HSMMLearn_CPP,10,100000,250,1,41.939088
HSMMLearn_CPP,10,100000,250,2,41.917147
HSMMLearn_CPP,10,100000,250,3,41.919052
HSMMLearn_CPP,10,100000,250,4,41.918010
HSMMLearn_CPP,10,100000,250,5,41.892311
