function,n_states,timesteps,max_duration,iteration,elapsed_s
HSMMLearn_OMP,10,100000,500,0,11.675877
HSMMLearn_OMP,10,100000,500,1,11.675255
HSMMLearn_OMP,10,100000,500,2,11.690443
HSMMLearn_OMP,10,100000,500,3,11.677177
HSMMLearn_OMP,10,100000,500,4,11.711631
HSMMLearn_OMP,10,100000,500,5,11.674644
