function,n_states,timesteps,max_duration,iteration,elapsed_s
HSMMLearn_OMP,10,100000,1000,0,21.095211
HSMMLearn_OMP,10,100000,1000,1,21.107204
HSMMLearn_OMP,10,100000,1000,2,21.069428
HSMMLearn_OMP,10,100000,1000,3,21.085533
HSMMLearn_OMP,10,100000,1000,4,21.100557
HSMMLearn_OMP,10,100000,1000,5,21.062492
