function,n_states,timesteps,max_duration,iteration,elapsed_s
HSMMLearn_CPP,10,100000,250,0,41.615249
HSMMLearn_CPP,10,100000,250,1,41.627310
HSMMLearn_CPP,10,100000,250,2,41.629150
HSMMLearn_CPP,10,100000,250,3,41.627744
HSMMLearn_CPP,10,100000,250,4,41.630809
HSMMLearn_CPP,10,100000,250,5,41.598647
