function,n_states,timesteps,max_duration,iteration,elapsed_s
HSMMLearn_CPP,10,10000,1000,0,14.934701
HSMMLearn_CPP,10,10000,1000,1,14.904437
HSMMLearn_CPP,10,10000,1000,2,14.894236
HSMMLearn_CPP,10,10000,1000,3,14.876290
HSMMLearn_CPP,10,10000,1000,4,14.896170
HSMMLearn_CPP,10,10000,1000,5,14.892324
