function,n_states,timesteps,max_duration,iteration,elapsed_s
HSMMLearn_CPP,10,100000,100,0,16.926165
HSMMLearn_CPP,10,100000,100,1,16.922412
HSMMLearn_CPP,10,100000,100,2,16.916863
HSMMLearn_CPP,10,100000,100,3,16.914894
HSMMLearn_CPP,10,100000,100,4,16.908491
HSMMLearn_CPP,10,100000,100,5,16.908537
