function,n_states,timesteps,max_duration,iteration,elapsed_s
HSMMLearn_OMP,10,100000,500,0,11.633284
HSMMLearn_OMP,10,100000,500,1,11.617617
HSMMLearn_OMP,10,100000,500,2,11.602282
HSMMLearn_OMP,10,100000,500,3,11.602176
HSMMLearn_OMP,10,100000,500,4,11.628633
HSMMLearn_OMP,10,100000,500,5,11.605008
