function,n_states,timesteps,max_duration,iteration,elapsed_s
HSMMLearn_CPP,10,100000,500,0,81.155771
HSMMLearn_CPP,10,100000,500,1,81.279014
HSMMLearn_CPP,10,100000,500,2,81.306035
HSMMLearn_CPP,10,100000,500,3,81.224668
HSMMLearn_CPP,10,100000,500,4,81.134882
HSMMLearn_CPP,10,100000,500,5,81.252018
