function,n_states,timesteps,max_duration,iteration,elapsed_s
HSMMLearn_CPP,10,10000,1000,0,14.906879
HSMMLearn_CPP,10,10000,1000,1,14.895797
HSMMLearn_CPP,10,10000,1000,2,14.891735
HSMMLearn_CPP,10,10000,1000,3,14.896258
HSMMLearn_CPP,10,10000,1000,4,14.891595
HSMMLearn_CPP,10,10000,1000,5,14.897403
