function,n_states,timesteps,max_duration,iteration,elapsed_s
HSMMLearn_OMP,15,100000,1000,0,31.082878
HSMMLearn_OMP,15,100000,1000,1,22.181810
HSMMLearn_OMP,15,100000,1000,2,22.184597
HSMMLearn_OMP,15,100000,1000,3,22.185724
HSMMLearn_OMP,15,100000,1000,4,22.418337
HSMMLearn_OMP,15,100000,1000,5,22.183004
