function,n_states,timesteps,max_duration,iteration,elapsed_s
HSMMLearn_CPP,15,10000,1000,0,29.002351
HSMMLearn_CPP,15,10000,1000,1,29.006409
HSMMLearn_CPP,15,10000,1000,2,29.004338
HSMMLearn_CPP,15,10000,1000,3,29.010925
HSMMLearn_CPP,15,10000,1000,4,28.986085
HSMMLearn_CPP,15,10000,1000,5,28.975866
