function,n_states,timesteps,max_duration,iteration,elapsed_s
HSMMLearn_OMP,15,100000,500,0,17.265627
HSMMLearn_OMP,15,100000,500,1,11.203776
HSMMLearn_OMP,15,100000,500,2,11.259685
HSMMLearn_OMP,15,100000,500,3,11.196227
HSMMLearn_OMP,15,100000,500,4,11.233618
HSMMLearn_OMP,15,100000,500,5,11.249923
