function,n_states,timesteps,max_duration,iteration,elapsed_s
HSMMLearn_OMP,15,100000,1000,0,27.334517
HSMMLearn_OMP,15,100000,1000,1,27.352902
HSMMLearn_OMP,15,100000,1000,2,27.310053
HSMMLearn_OMP,15,100000,1000,3,27.348698
HSMMLearn_OMP,15,100000,1000,4,27.330901
HSMMLearn_OMP,15,100000,1000,5,27.332333
