function,n_states,timesteps,max_duration,iteration,elapsed_s
HSMMLearn_CPP,15,100000,250,0,80.911329
HSMMLearn_CPP,15,100000,250,1,80.939478
HSMMLearn_CPP,15,100000,250,2,80.944568
HSMMLearn_CPP,15,100000,250,3,80.940240
HSMMLearn_CPP,15,100000,250,4,80.856615
HSMMLearn_CPP,15,100000,250,5,80.917001
