function,n_states,timesteps,max_duration,iteration,elapsed_s
HSMMLearn_OMP,15,100000,500,0,14.689389
HSMMLearn_OMP,15,100000,500,1,14.688041
HSMMLearn_OMP,15,100000,500,2,14.710839
HSMMLearn_OMP,15,100000,500,3,14.695620
HSMMLearn_OMP,15,100000,500,4,14.690296
HSMMLearn_OMP,15,100000,500,5,14.688310
