function,n_states,timesteps,max_duration,iteration,elapsed_s
HSMMLearn_OMP,15,100000,500,0,14.793446
HSMMLearn_OMP,15,100000,500,1,14.780036
HSMMLearn_OMP,15,100000,500,2,14.805213
HSMMLearn_OMP,15,100000,500,3,14.770421
HSMMLearn_OMP,15,100000,500,4,14.788932
HSMMLearn_OMP,15,100000,500,5,14.768116
