function,n_states,timesteps,max_duration,iteration,elapsed_s
HSMMLearn_CPP,15,100000,250,0,80.931228
HSMMLearn_CPP,15,100000,250,1,81.003036
HSMMLearn_CPP,15,100000,250,2,80.985753
HSMMLearn_CPP,15,100000,250,3,81.007264
HSMMLearn_CPP,15,100000,250,4,80.905206
HSMMLearn_CPP,15,100000,250,5,80.967766
