function,n_states,timesteps,max_duration,iteration,elapsed_s
HSMMLearn_CPP,15,100000,100,0,33.707637
HSMMLearn_CPP,15,100000,100,1,33.704679
HSMMLearn_CPP,15,100000,100,2,33.706092
HSMMLearn_CPP,15,100000,100,3,33.698237
HSMMLearn_CPP,15,100000,100,4,33.693793
HSMMLearn_CPP,15,100000,100,5,33.680529
