function,n_states,timesteps,max_duration,iteration,elapsed_s
HSMMLearn_CPP,15,100000,500,0,156.200811
HSMMLearn_CPP,15,100000,500,1,156.345819
HSMMLearn_CPP,15,100000,500,2,156.319045
HSMMLearn_CPP,15,100000,500,3,156.279510
HSMMLearn_CPP,15,100000,500,4,156.324220
HSMMLearn_CPP,15,100000,500,5,156.287811
