function,n_states,timesteps,max_duration,iteration,elapsed_s
HSMMLearn_CPP,15,100000,1000,0,302.347492
HSMMLearn_CPP,15,100000,1000,1,302.575760
HSMMLearn_CPP,15,100000,1000,2,302.494440
HSMMLearn_CPP,15,100000,1000,3,302.534035
HSMMLearn_CPP,15,100000,1000,4,302.526106
HSMMLearn_CPP,15,100000,1000,5,302.579079
