function,n_states,timesteps,max_duration,iteration,elapsed_s
HSMMLearn_CPP,15,100000,100,0,33.825766
HSMMLearn_CPP,15,100000,100,1,33.825634
HSMMLearn_CPP,15,100000,100,2,33.820300
HSMMLearn_CPP,15,100000,100,3,33.822133
HSMMLearn_CPP,15,100000,100,4,33.820182
HSMMLearn_CPP,15,100000,100,5,33.805399
