function,n_states,timesteps,max_duration,iteration,elapsed_s
HSMMLearn_CPP,15,100000,1000,0,301.160350
HSMMLearn_CPP,15,100000,1000,1,301.495385
HSMMLearn_CPP,15,100000,1000,2,301.400934
HSMMLearn_CPP,15,100000,1000,3,301.388772
HSMMLearn_CPP,15,100000,1000,4,301.428929
HSMMLearn_CPP,15,100000,1000,5,301.394796
