function,n_states,timesteps,max_duration,iteration,elapsed_s
HSMMLearn_OMP,15,100000,1000,0,27.457331
HSMMLearn_OMP,15,100000,1000,1,27.420449
HSMMLearn_OMP,15,100000,1000,2,27.447247
HSMMLearn_OMP,15,100000,1000,3,27.428447
HSMMLearn_OMP,15,100000,1000,4,27.450212
HSMMLearn_OMP,15,100000,1000,5,27.434659
