function,n_states,timesteps,max_duration,iteration,elapsed_s
HSMMLearn_CPP,15,100000,500,0,155.611390
HSMMLearn_CPP,15,100000,500,1,155.772116
HSMMLearn_CPP,15,100000,500,2,155.702429
HSMMLearn_CPP,15,100000,500,3,155.699753
HSMMLearn_CPP,15,100000,500,4,155.720429
HSMMLearn_CPP,15,100000,500,5,155.746496
