function,n_states,timesteps,max_duration,iteration,elapsed_s
HSMMLearn_CPP,15,10000,1000,0,29.124233
HSMMLearn_CPP,15,10000,1000,1,29.115811
HSMMLearn_CPP,15,10000,1000,2,29.117241
HSMMLearn_CPP,15,10000,1000,3,29.117876
HSMMLearn_CPP,15,10000,1000,4,29.101037
HSMMLearn_CPP,15,10000,1000,5,29.105611
