function,n_states,timesteps,max_duration,iteration,elapsed_s
HSMMLearn_OMP,25,100000,500,0,25.284903
HSMMLearn_OMP,25,100000,500,1,19.533565
HSMMLearn_OMP,25,100000,500,2,19.415247
HSMMLearn_OMP,25,100000,500,3,19.485399
HSMMLearn_OMP,25,100000,500,4,19.494529
HSMMLearn_OMP,25,100000,500,5,19.495293
