function,n_states,timesteps,max_duration,iteration,elapsed_s
HSMMLearn_OMP,25,100000,1000,0,38.870594
HSMMLearn_OMP,25,100000,1000,1,37.774643
HSMMLearn_OMP,25,100000,1000,2,37.765838
HSMMLearn_OMP,25,100000,1000,3,37.730498
HSMMLearn_OMP,25,100000,1000,4,37.706292
HSMMLearn_OMP,25,100000,1000,5,37.744811
