function,n_states,timesteps,max_duration,iteration,elapsed_s
HSMMLearn_CPP,25,100000,250,0,227.039482
HSMMLearn_CPP,25,100000,250,1,227.083109
HSMMLearn_CPP,25,100000,250,2,227.009489
HSMMLearn_CPP,25,100000,250,3,227.008499
HSMMLearn_CPP,25,100000,250,4,227.036787
HSMMLearn_CPP,25,100000,250,5,227.107120
