function,n_states,timesteps,max_duration,iteration,elapsed_s
HSMMLearn_CPP,25,10000,1000,0,77.565295
HSMMLearn_CPP,25,10000,1000,1,77.575203
HSMMLearn_CPP,25,10000,1000,2,77.688479
HSMMLearn_CPP,25,10000,1000,3,77.610246
HSMMLearn_CPP,25,10000,1000,4,77.607939
HSMMLearn_CPP,25,10000,1000,5,77.591067
