function,n_states,timesteps,max_duration,iteration,elapsed_s
HSMMLearn_CPP,25,100000,250,0,220.360201
HSMMLearn_CPP,25,100000,250,1,220.473519
HSMMLearn_CPP,25,100000,250,2,220.458674
HSMMLearn_CPP,25,100000,250,3,220.395505
HSMMLearn_CPP,25,100000,250,4,220.416616
HSMMLearn_CPP,25,100000,250,5,220.446134
