function,n_states,timesteps,max_duration,iteration,elapsed_s
HSMMLearn_CPP,25,100000,100,0,93.765291
HSMMLearn_CPP,25,100000,100,1,93.751277
HSMMLearn_CPP,25,100000,100,2,93.752203
HSMMLearn_CPP,25,100000,100,3,93.783978
HSMMLearn_CPP,25,100000,100,4,93.728741
HSMMLearn_CPP,25,100000,100,5,93.722359
