function,n_states,timesteps,max_duration,iteration,elapsed_s
HSMMLearn_CPP,25,100000,100,0,93.569693
HSMMLearn_CPP,25,100000,100,1,93.584454
HSMMLearn_CPP,25,100000,100,2,93.579366
HSMMLearn_CPP,25,100000,100,3,93.579019
HSMMLearn_CPP,25,100000,100,4,93.532195
HSMMLearn_CPP,25,100000,100,5,93.539556
