function,n_states,timesteps,max_duration,iteration,elapsed_s
HSMMLearn_CPP,25,10000,1000,0,78.195507
HSMMLearn_CPP,25,10000,1000,1,78.153539
HSMMLearn_CPP,25,10000,1000,2,78.189397
HSMMLearn_CPP,25,10000,1000,3,78.175032
HSMMLearn_CPP,25,10000,1000,4,78.149731
HSMMLearn_CPP,25,10000,1000,5,78.148250
