function,n_states,timesteps,max_duration,iteration,elapsed_s
HSMMLearn_OMP,25,100000,250,0,13.402774
HSMMLearn_OMP,25,100000,250,1,13.405336
HSMMLearn_OMP,25,100000,250,2,13.380247
HSMMLearn_OMP,25,100000,250,3,13.424302
HSMMLearn_OMP,25,100000,250,4,13.415511
HSMMLearn_OMP,25,100000,250,5,13.389931
