function,n_states,timesteps,max_duration,iteration,elapsed_s
HSMMLearn_OMP,25,100000,250,0,12.798203
HSMMLearn_OMP,25,100000,250,1,12.791193
HSMMLearn_OMP,25,100000,250,2,12.795034
HSMMLearn_OMP,25,100000,250,3,12.834094
HSMMLearn_OMP,25,100000,250,4,12.800500
HSMMLearn_OMP,25,100000,250,5,12.805046
