function,n_states,timesteps,max_duration,iteration,elapsed_s
HSMMLearn_CPP,25,10000,1000,0,78.129867
HSMMLearn_CPP,25,10000,1000,1,78.157805
HSMMLearn_CPP,25,10000,1000,2,78.197743
HSMMLearn_CPP,25,10000,1000,3,78.104756
HSMMLearn_CPP,25,10000,1000,4,78.179936
HSMMLearn_CPP,25,10000,1000,5,78.107694
