function,n_states,timesteps,max_duration,iteration,elapsed_s
HSMMLearn_CPP,50,10000,500,0,153.038260
HSMMLearn_CPP,50,10000,500,1,153.063262
HSMMLearn_CPP,50,10000,500,2,153.040525
HSMMLearn_CPP,50,10000,500,3,153.068689
HSMMLearn_CPP,50,10000,500,4,153.140011
HSMMLearn_CPP,50,10000,500,5,153.097876
