function,n_states,timesteps,max_duration,iteration,elapsed_s
HSMMLearn_OMP,50,100000,1000,0,77.532712
HSMMLearn_OMP,50,100000,1000,1,71.452660
HSMMLearn_OMP,50,100000,1000,2,71.383666
HSMMLearn_OMP,50,100000,1000,3,71.448679
HSMMLearn_OMP,50,100000,1000,4,71.321641
HSMMLearn_OMP,50,100000,1000,5,71.378748
