function,n_states,timesteps,max_duration,iteration,elapsed_s
HSMMLearn_OMP,50,100000,100,0,10.440233
HSMMLearn_OMP,50,100000,100,1,10.459079
HSMMLearn_OMP,50,100000,100,2,10.451058
HSMMLearn_OMP,50,100000,100,3,10.468813
HSMMLearn_OMP,50,100000,100,4,10.454383
HSMMLearn_OMP,50,100000,100,5,10.478422
