function,n_states,timesteps,max_duration,iteration,elapsed_s
HSMMLearn_CPP,50,10000,500,0,152.992618
HSMMLearn_CPP,50,10000,500,1,153.169639
HSMMLearn_CPP,50,10000,500,2,153.309898
HSMMLearn_CPP,50,10000,500,3,153.241612
HSMMLearn_CPP,50,10000,500,4,153.062051
HSMMLearn_CPP,50,10000,500,5,153.214011
