function,n_states,timesteps,max_duration,iteration,elapsed_s
HSMMLearn_CPP,50,10000,1000,0,288.183834
HSMMLearn_CPP,50,10000,1000,1,288.167739
HSMMLearn_CPP,50,10000,1000,2,288.439999
HSMMLearn_CPP,50,10000,1000,3,288.287737
HSMMLearn_CPP,50,10000,1000,4,288.226480
HSMMLearn_CPP,50,10000,1000,5,288.254354
