function,n_states,timesteps,max_duration,iteration,elapsed_s
HSMMLearn_CPP,50,100000,100,0,333.940721
HSMMLearn_CPP,50,100000,100,1,333.914003
HSMMLearn_CPP,50,100000,100,2,333.935376
HSMMLearn_CPP,50,100000,100,3,333.918128
HSMMLearn_CPP,50,100000,100,4,334.036650
HSMMLearn_CPP,50,100000,100,5,333.760219
