function,n_states,timesteps,max_duration,iteration,elapsed_s
HSMMLearn_CPP,50,10000,1000,0,291.377282
HSMMLearn_CPP,50,10000,1000,1,291.491897
HSMMLearn_CPP,50,10000,1000,2,291.907160
HSMMLearn_CPP,50,10000,1000,3,291.687350
HSMMLearn_CPP,50,10000,1000,4,291.192817
HSMMLearn_CPP,50,10000,1000,5,291.538118
