function,n_states,timesteps,max_duration,iteration,elapsed_s
HSMMLearn_OMP,50,100000,500,0,41.614969
HSMMLearn_OMP,50,100000,500,1,36.386667
HSMMLearn_OMP,50,100000,500,2,36.360505
HSMMLearn_OMP,50,100000,500,3,36.359147
HSMMLearn_OMP,50,100000,500,4,36.363426
HSMMLearn_OMP,50,100000,500,5,41.131931
