function,n_states,timesteps,max_duration,iteration,elapsed_s
HSMMLearn_CPP,50,10000,1000,0,290.840812
HSMMLearn_CPP,50,10000,1000,1,291.085509
HSMMLearn_CPP,50,10000,1000,2,291.280601
HSMMLearn_CPP,50,10000,1000,3,291.241407
HSMMLearn_CPP,50,10000,1000,4,291.098336
HSMMLearn_CPP,50,10000,1000,5,291.451312
