function,n_states,timesteps,max_duration,iteration,elapsed_s
HSMMLearn_CPP,50,100000,100,0,336.894448
HSMMLearn_CPP,50,100000,100,1,337.194075
HSMMLearn_CPP,50,100000,100,2,337.256798
HSMMLearn_CPP,50,100000,100,3,337.267131
HSMMLearn_CPP,50,100000,100,4,337.508721
HSMMLearn_CPP,50,100000,100,5,337.275268
