function,n_states,timesteps,max_duration,iteration,elapsed_s
HSMMLearn_OMP,50,100000,250,0,20.750357
HSMMLearn_OMP,50,100000,250,1,18.980096
HSMMLearn_OMP,50,100000,250,2,18.895575
HSMMLearn_OMP,50,100000,250,3,18.904175
HSMMLearn_OMP,50,100000,250,4,18.864166
HSMMLearn_OMP,50,100000,250,5,19.443076
