function,n_states,timesteps,max_duration,iteration,elapsed_s
HSMMLearn_CPP,50,10000,500,0,151.702076
HSMMLearn_CPP,50,10000,500,1,151.912442
HSMMLearn_CPP,50,10000,500,2,151.696499
HSMMLearn_CPP,50,10000,500,3,151.726209
HSMMLearn_CPP,50,10000,500,4,151.741788
HSMMLearn_CPP,50,10000,500,5,151.721247
