function,n_states,timesteps,max_duration,iteration,elapsed_s
HSMMLearn_OMP,50,100000,100,0,10.579191
HSMMLearn_OMP,50,100000,100,1,10.596500
HSMMLearn_OMP,50,100000,100,2,10.618083
HSMMLearn_OMP,50,100000,100,3,10.618467
HSMMLearn_OMP,50,100000,100,4,10.598013
HSMMLearn_OMP,50,100000,100,5,10.598101
