function,n_states,timesteps,max_duration,iteration,elapsed_s
HSMMLearn_CPP,75,10000,250,0,170.120626
HSMMLearn_CPP,75,10000,250,1,170.178274
HSMMLearn_CPP,75,10000,250,2,170.151457
HSMMLearn_CPP,75,10000,250,3,170.138900
HSMMLearn_CPP,75,10000,250,4,170.159102
HSMMLearn_CPP,75,10000,250,5,170.142118
