function,n_states,timesteps,max_duration,iteration,elapsed_s
HSMMLearn_OMP,75,10000,1000,0,13.051338
HSMMLearn_OMP,75,10000,1000,1,10.151880
HSMMLearn_OMP,75,10000,1000,2,10.194505
HSMMLearn_OMP,75,10000,1000,3,10.143107
HSMMLearn_OMP,75,10000,1000,4,10.149737
HSMMLearn_OMP,75,10000,1000,5,10.174890
