function,n_states,timesteps,max_duration,iteration,elapsed_s
HSMMLearn_CPP,75,10000,500,0,324.052084
HSMMLearn_CPP,75,10000,500,1,324.088029
HSMMLearn_CPP,75,10000,500,2,323.963756
HSMMLearn_CPP,75,10000,500,3,324.023625
HSMMLearn_CPP,75,10000,500,4,324.082669
HSMMLearn_CPP,75,10000,500,5,324.037617
