function,n_states,timesteps,max_duration,iteration,elapsed_s
HSMMLearn_OMP,75,100000,100,0,23.223902
HSMMLearn_OMP,75,100000,100,1,12.140799
HSMMLearn_OMP,75,100000,100,2,12.140142
HSMMLearn_OMP,75,100000,100,3,12.140220
HSMMLearn_OMP,75,100000,100,4,12.107586
HSMMLearn_OMP,75,100000,100,5,12.129612
