function,n_states,timesteps,max_duration,iteration,elapsed_s
HSMMLearn_CPP,75,10000,500,0,321.277845
HSMMLearn_CPP,75,10000,500,1,321.172286
HSMMLearn_CPP,75,10000,500,2,321.449040
HSMMLearn_CPP,75,10000,500,3,321.316247
HSMMLearn_CPP,75,10000,500,4,321.326096
HSMMLearn_CPP,75,10000,500,5,321.235917
