function,n_states,timesteps,max_duration,iteration,elapsed_s
HSMMLearn_CPP,75,10000,1000,0,613.122588
HSMMLearn_CPP,75,10000,1000,1,613.730895
HSMMLearn_CPP,75,10000,1000,2,613.845772
HSMMLearn_CPP,75,10000,1000,3,613.492179
HSMMLearn_CPP,75,10000,1000,4,613.639734
HSMMLearn_CPP,75,10000,1000,5,613.472154
