function,n_states,timesteps,max_duration,iteration,elapsed_s
HSMMLearn_CPP,75,10000,250,0,168.825136
HSMMLearn_CPP,75,10000,250,1,168.820419
HSMMLearn_CPP,75,10000,250,2,168.921598
HSMMLearn_CPP,75,10000,250,3,168.840228
HSMMLearn_CPP,75,10000,250,4,168.813693
HSMMLearn_CPP,75,10000,250,5,168.801750
