function,n_states,timesteps,max_duration,iteration,elapsed_s
HSMMLearn_OMP,75,100000,1000,0,106.374176
HSMMLearn_OMP,75,100000,1000,1,104.064649
HSMMLearn_OMP,75,100000,1000,2,104.257405
HSMMLearn_OMP,75,100000,1000,3,103.985571
HSMMLearn_OMP,75,100000,1000,4,104.032464
HSMMLearn_OMP,75,100000,1000,5,103.901815
