function,n_states,timesteps,max_duration,iteration,elapsed_s
HSMMLearn_CPP,75,10000,250,0,169.950739
HSMMLearn_CPP,75,10000,250,1,170.002805
HSMMLearn_CPP,75,10000,250,2,170.073278
HSMMLearn_CPP,75,10000,250,3,170.088007
HSMMLearn_CPP,75,10000,250,4,170.084550
HSMMLearn_CPP,75,10000,250,5,170.018262
