function,n_states,timesteps,max_duration,iteration,elapsed_s
HSMMLearn_OMP,75,100000,250,0,30.869333
HSMMLearn_OMP,75,100000,250,1,29.636765
HSMMLearn_OMP,75,100000,250,2,29.711678
HSMMLearn_OMP,75,100000,250,3,29.755395
HSMMLearn_OMP,75,100000,250,4,29.813012
HSMMLearn_OMP,75,100000,250,5,29.667498
