function,n_states,timesteps,max_duration,iteration,elapsed_s
HSMMLearn_OMP,75,100000,500,0,58.558935
HSMMLearn_OMP,75,100000,500,1,53.155694
HSMMLearn_OMP,75,100000,500,2,53.137552
HSMMLearn_OMP,75,100000,500,3,53.145598
HSMMLearn_OMP,75,100000,500,4,53.279525
HSMMLearn_OMP,75,100000,500,5,53.464673
