function,n_states,timesteps,max_duration,iteration,elapsed_s
HSMMLearn_CPP,75,10000,500,0,324.001474
HSMMLearn_CPP,75,10000,500,1,324.232408
HSMMLearn_CPP,75,10000,500,2,323.916698
HSMMLearn_CPP,75,10000,500,3,323.996397
HSMMLearn_CPP,75,10000,500,4,324.100930
HSMMLearn_CPP,75,10000,500,5,324.100010
