function,n_states,timesteps,max_duration,iteration,elapsed_s
HSMMLearn_CPP,10,10000,1000,0,19.990341
HSMMLearn_CPP,10,10000,1000,1,19.921393
HSMMLearn_CPP,10,10000,1000,2,19.916441
HSMMLearn_CPP,10,10000,1000,3,19.923001
HSMMLearn_CPP,10,10000,1000,4,19.912941
HSMMLearn_OMP,10,10000,1000,0,2.094582
HSMMLearn_OMP,10,10000,1000,1,2.086683
HSMMLearn_OMP,10,10000,1000,2,2.089508
HSMMLearn_OMP,10,10000,1000,3,2.101588
HSMMLearn_OMP,10,10000,1000,4,2.087063
