function,n_states,timesteps,max_duration,iteration,elapsed_s
HSMMLearn_CPP,10,1000,1000,0,1.054030
HSMMLearn_CPP,10,1000,1000,1,1.053630
HSMMLearn_CPP,10,1000,1000,2,1.053624
HSMMLearn_CPP,10,1000,1000,3,1.059500
HSMMLearn_CPP,10,1000,1000,4,1.053794
HSMMLearn_OMP,10,1000,1000,0,0.116628
HSMMLearn_OMP,10,1000,1000,1,0.116697
HSMMLearn_OMP,10,1000,1000,2,0.116887
HSMMLearn_OMP,10,1000,1000,3,0.115319
HSMMLearn_OMP,10,1000,1000,4,0.116633
