function,n_states,timesteps,max_duration,iteration,elapsed_s
HSMMLearn_CPP,15,1000,1000,0,2.105688
HSMMLearn_CPP,15,1000,1000,1,2.100682
HSMMLearn_CPP,15,1000,1000,2,2.101749
HSMMLearn_CPP,15,1000,1000,3,2.103213
HSMMLearn_CPP,15,1000,1000,4,2.103972
HSMMLearn_OMP,15,1000,1000,0,0.158825
HSMMLearn_OMP,15,1000,1000,1,0.154122
HSMMLearn_OMP,15,1000,1000,2,0.153176
HSMMLearn_OMP,15,1000,1000,3,0.153214
HSMMLearn_OMP,15,1000,1000,4,0.156331
