function,n_states,timesteps,max_duration,iteration,elapsed_s
HSMMLearn_CPP,15,100000,100,0,44.968783
HSMMLearn_CPP,15,100000,100,1,45.737427
HSMMLearn_CPP,15,100000,100,2,44.971659
HSMMLearn_CPP,15,100000,100,3,44.991460
HSMMLearn_CPP,15,100000,100,4,44.943132
HSMMLearn_OMP,15,100000,100,0,3.445469
HSMMLearn_OMP,15,100000,100,1,3.471845
HSMMLearn_OMP,15,100000,100,2,3.409019
HSMMLearn_OMP,15,100000,100,3,3.385775
HSMMLearn_OMP,15,100000,100,4,3.399708
