function,n_states,timesteps,max_duration,iteration,elapsed_s
HSMMLearn_CPP,15,10000,1000,0,39.634959
HSMMLearn_CPP,15,10000,1000,1,39.672646
HSMMLearn_CPP,15,10000,1000,2,39.820706
HSMMLearn_CPP,15,10000,1000,3,39.576693
HSMMLearn_CPP,15,10000,1000,4,39.650926
HSMMLearn_OMP,15,10000,1000,0,2.872279
HSMMLearn_OMP,15,10000,1000,1,2.907933
HSMMLearn_OMP,15,10000,1000,2,2.975887
HSMMLearn_OMP,15,10000,1000,3,2.850493
HSMMLearn_OMP,15,10000,1000,4,3.411480
