function,n_states,timesteps,max_duration,iteration,elapsed_s
HSMMLearn_CPP,25,10000,100,0,12.471357
HSMMLearn_CPP,25,10000,100,1,12.476800
HSMMLearn_CPP,25,10000,100,2,12.476666
HSMMLearn_CPP,25,10000,100,3,12.476045
HSMMLearn_CPP,25,10000,100,4,12.475298
HSMMLearn_OMP,25,10000,100,0,0.533722
HSMMLearn_OMP,25,10000,100,1,0.530969
HSMMLearn_OMP,25,10000,100,2,0.531326
HSMMLearn_OMP,25,10000,100,3,0.557850
HSMMLearn_OMP,25,10000,100,4,0.543752
