function,n_states,timesteps,max_duration,iteration,elapsed_s
HSMMLearn_CPP,50,1000,250,0,9.653046
HSMMLearn_CPP,50,1000,250,1,9.651928
HSMMLearn_CPP,50,1000,250,2,9.640715
HSMMLearn_CPP,50,1000,250,3,9.643188
HSMMLearn_CPP,50,1000,250,4,9.650315
HSMMLearn_OMP,50,1000,250,0,0.418017
HSMMLearn_OMP,50,1000,250,1,0.407220
HSMMLearn_OMP,50,1000,250,2,0.453673
HSMMLearn_OMP,50,1000,250,3,0.411171
HSMMLearn_OMP,50,1000,250,4,0.414174
