function,n_states,timesteps,max_duration,iteration,elapsed_s
HSMMLearn_CPP,50,10000,100,0,45.565898
HSMMLearn_CPP,50,10000,100,1,45.806856
HSMMLearn_CPP,50,10000,100,2,45.788689
HSMMLearn_CPP,50,10000,100,3,45.769037
HSMMLearn_CPP,50,10000,100,4,45.780309
HSMMLearn_OMP,50,10000,100,0,1.917763
HSMMLearn_OMP,50,10000,100,1,1.924010
HSMMLearn_OMP,50,10000,100,2,1.936242
HSMMLearn_OMP,50,10000,100,3,1.970968
HSMMLearn_OMP,50,10000,100,4,1.950431
