function,n_states,timesteps,max_duration,iteration,elapsed_s
HSMMLearn_CPP,10,100000,1000,0,127.269731
HSMMLearn_CPP,10,100000,1000,1,127.334893
HSMMLearn_CPP,10,100000,1000,2,127.214060
HSMMLearn_CPP,10,100000,1000,3,127.263351
HSMMLearn_CPP,10,100000,1000,4,127.312999
HSMMLearn_CPP,10,100000,1000,5,127.369742
