function,n_states,timesteps,max_duration,iteration,elapsed_s
HSMMLearn_OMP,10,100000,500,0,11.432211
HSMMLearn_OMP,10,100000,500,1,11.435117
HSMMLearn_OMP,10,100000,500,2,11.419404
HSMMLearn_OMP,10,100000,500,3,11.474418
HSMMLearn_OMP,10,100000,500,4,11.449940
HSMMLearn_OMP,10,100000,500,5,11.424221
