function,n_states,timesteps,max_duration,iteration,elapsed_s
HSMMLearn_OMP,10,100000,1000,0,20.958133
HSMMLearn_OMP,10,100000,1000,1,20.954299
HSMMLearn_OMP,10,100000,1000,2,20.936462
HSMMLearn_OMP,10,100000,1000,3,20.951389
HSMMLearn_OMP,10,100000,1000,4,20.956609
HSMMLearn_OMP,10,100000,1000,5,20.965402
