function,n_states,timesteps,max_duration,iteration,elapsed_s
HSMMLearn_OMP,10,100000,1000,0,21.017426
HSMMLearn_OMP,10,100000,1000,1,21.061357
HSMMLearn_OMP,10,100000,1000,2,20.996636
HSMMLearn_OMP,10,100000,1000,3,21.020495
HSMMLearn_OMP,10,100000,1000,4,21.049845
HSMMLearn_OMP,10,100000,1000,5,21.010762
