function,n_states,timesteps,max_duration,iteration,elapsed_s
HSMMLearn_CPP,10,100000,100,0,16.903818
HSMMLearn_CPP,10,100000,100,1,16.898509
HSMMLearn_CPP,10,100000,100,2,16.896869
HSMMLearn_CPP,10,100000,100,3,16.894753
HSMMLearn_CPP,10,100000,100,4,16.887657
HSMMLearn_CPP,10,100000,100,5,16.886962
