function,n_states,timesteps,max_duration,iteration,elapsed_s
HSMMLearn_OMP,10,100000,1000,0,15.899756
HSMMLearn_OMP,10,100000,1000,1,15.934944
HSMMLearn_OMP,10,100000,1000,2,15.878710
HSMMLearn_OMP,10,100000,1000,3,16.052504
HSMMLearn_OMP,10,100000,1000,4,15.867088
HSMMLearn_OMP,10,100000,1000,5,15.951355
