function,n_states,timesteps,max_duration,iteration,elapsed_s
HSMMLearn_CPP,10,100000,250,0,41.921414
HSMMLearn_CPP,10,100000,250,1,41.934736
HSMMLearn_CPP,10,100000,250,2,41.929241
HSMMLearn_CPP,10,100000,250,3,41.932666
HSMMLearn_CPP,10,100000,250,4,41.928100
HSMMLearn_CPP,10,100000,250,5,41.913938
