function,n_states,timesteps,max_duration,iteration,elapsed_s
HSMMLearn_CPP,10,100000,250,0,41.603207
HSMMLearn_CPP,10,100000,250,1,41.619674
HSMMLearn_CPP,10,100000,250,2,41.620619
HSMMLearn_CPP,10,100000,250,3,41.614230
HSMMLearn_CPP,10,100000,250,4,41.616225
HSMMLearn_CPP,10,100000,250,5,41.594439
