function,n_states,timesteps,max_duration,iteration,elapsed_s
HSMMLearn_CPP,10,100000,500,0,80.794916
HSMMLearn_CPP,10,100000,500,1,80.889124
HSMMLearn_CPP,10,100000,500,2,80.885005
HSMMLearn_CPP,10,100000,500,3,80.894101
HSMMLearn_CPP,10,100000,500,4,80.784407
HSMMLearn_CPP,10,100000,500,5,80.879205
