function,n_states,timesteps,max_duration,iteration,elapsed_s
HSMMLearn_CPP,10,10000,1000,0,14.866569
HSMMLearn_CPP,10,10000,1000,1,14.872535
HSMMLearn_CPP,10,10000,1000,2,14.861362
HSMMLearn_CPP,10,10000,1000,3,14.861822
HSMMLearn_CPP,10,10000,1000,4,14.859247
HSMMLearn_CPP,10,10000,1000,5,14.863053
