function,n_states,timesteps,max_duration,iteration,elapsed_s
HSMMLearn_OMP,10,100000,500,0,11.350956
HSMMLearn_OMP,10,100000,500,1,11.410645
HSMMLearn_OMP,10,100000,500,2,11.373566
HSMMLearn_OMP,10,100000,500,3,11.350468
HSMMLearn_OMP,10,100000,500,4,11.362054
HSMMLearn_OMP,10,100000,500,5,11.361827
