function,n_states,timesteps,max_duration,iteration,elapsed_s
HSMMLearn_CPP,10,100000,100,0,17.144600
HSMMLearn_CPP,10,100000,100,1,17.141806
HSMMLearn_CPP,10,100000,100,2,17.142991
HSMMLearn_CPP,10,100000,100,3,17.136137
HSMMLearn_CPP,10,100000,100,4,17.131716
HSMMLearn_CPP,10,100000,100,5,17.131006
