function,n_states,timesteps,max_duration,iteration,elapsed_s
HSMMLearn_CPP,10,10000,1000,0,14.895921
HSMMLearn_CPP,10,10000,1000,1,14.892832
HSMMLearn_CPP,10,10000,1000,2,14.900935
HSMMLearn_CPP,10,10000,1000,3,14.891404
HSMMLearn_CPP,10,10000,1000,4,14.894376
HSMMLearn_CPP,10,10000,1000,5,14.893870
