function,n_states,timesteps,max_duration,iteration,elapsed_s
HSMMLearn_CPP,10,100000,1000,0,155.843442
HSMMLearn_CPP,10,100000,1000,1,156.072824
HSMMLearn_CPP,10,100000,1000,2,155.846655
HSMMLearn_CPP,10,100000,1000,3,156.036858
HSMMLearn_CPP,10,100000,1000,4,156.093183
HSMMLearn_CPP,10,100000,1000,5,156.041753
