function,n_states,timesteps,max_duration,iteration,elapsed_s
HSMMLearn_CPP,10,10000,1000,0,14.888905
HSMMLearn_CPP,10,10000,1000,1,14.888296
HSMMLearn_CPP,10,10000,1000,2,14.884534
HSMMLearn_CPP,10,10000,1000,3,14.889854
HSMMLearn_CPP,10,10000,1000,4,14.883199
HSMMLearn_CPP,10,10000,1000,5,14.883978
