function,n_states,timesteps,max_duration,iteration,elapsed_s
HSMMLearn_CPP,10,100000,500,0,81.022885
HSMMLearn_CPP,10,100000,500,1,81.123058
HSMMLearn_CPP,10,100000,500,2,81.098571
HSMMLearn_CPP,10,100000,500,3,81.094580
HSMMLearn_CPP,10,100000,500,4,81.001580
HSMMLearn_CPP,10,100000,500,5,81.085464
