function,n_states,timesteps,max_duration,iteration,elapsed_s
HSMMLearn_CPP,10,100000,500,0,80.870232
HSMMLearn_CPP,10,100000,500,1,80.962130
HSMMLearn_CPP,10,100000,500,2,80.959813
HSMMLearn_CPP,10,100000,500,3,80.870843
HSMMLearn_CPP,10,100000,500,4,80.764888
HSMMLearn_CPP,10,100000,500,5,80.792574
