function,n_states,timesteps,max_duration,iteration,elapsed_s
HSMMLearn_CPP,10,10000,1000,0,12.110180
HSMMLearn_CPP,10,10000,1000,1,12.106303
HSMMLearn_CPP,10,10000,1000,2,12.157348
HSMMLearn_CPP,10,10000,1000,3,12.110095
HSMMLearn_CPP,10,10000,1000,4,12.111251
HSMMLearn_CPP,10,10000,1000,5,12.111008
