function,n_states,timesteps,max_duration,iteration,elapsed_s
HSMMLearn_CPP,10,100000,100,0,12.831371
HSMMLearn_CPP,10,100000,100,1,12.836072
HSMMLearn_CPP,10,100000,100,2,12.833151
HSMMLearn_CPP,10,100000,100,3,12.836015
HSMMLearn_CPP,10,100000,100,4,12.813336
HSMMLearn_CPP,10,100000,100,5,12.813303
