function,n_states,timesteps,max_duration,iteration,elapsed_s
HSMMLearn_CPP,10,100000,500,0,64.659243
HSMMLearn_CPP,10,100000,500,1,64.564066
HSMMLearn_CPP,10,100000,500,2,64.589235
HSMMLearn_CPP,10,100000,500,3,64.590761
HSMMLearn_CPP,10,100000,500,4,64.542108
HSMMLearn_CPP,10,100000,500,5,64.571751
