function,n_states,timesteps,max_duration,iteration,elapsed_s
HSMMLearn_CPP,10,100000,100,0,16.911883
HSMMLearn_CPP,10,100000,100,1,16.909614
HSMMLearn_CPP,10,100000,100,2,16.908305
HSMMLearn_CPP,10,100000,100,3,16.908130
HSMMLearn_CPP,10,100000,100,4,16.901079
HSMMLearn_CPP,10,100000,100,5,16.902146
