function,n_states,timesteps,max_duration,iteration,elapsed_s
HSMMLearn_CPP,10,100000,1000,0,156.115086
HSMMLearn_CPP,10,100000,1000,1,156.315658
HSMMLearn_CPP,10,100000,1000,2,156.121766
HSMMLearn_CPP,10,100000,1000,3,156.306399
HSMMLearn_CPP,10,100000,1000,4,156.340108
HSMMLearn_CPP,10,100000,1000,5,156.298888
