function,n_states,timesteps,max_duration,iteration,elapsed_s
HSMMLearn_OMP,10,100000,1000,0,20.970272
HSMMLearn_OMP,10,100000,1000,1,20.933670
HSMMLearn_OMP,10,100000,1000,2,20.954458
HSMMLearn_OMP,10,100000,1000,3,20.942472
HSMMLearn_OMP,10,100000,1000,4,20.942644
HSMMLearn_OMP,10,100000,1000,5,20.927035
