function,n_states,timesteps,max_duration,iteration,elapsed_s
HSMMLearn_OMP,10,100000,1000,0,15.631903
HSMMLearn_OMP,10,100000,1000,1,15.604569
HSMMLearn_OMP,10,100000,1000,2,15.622283
HSMMLearn_OMP,10,100000,1000,3,15.601553
HSMMLearn_OMP,10,100000,1000,4,15.596375
HSMMLearn_OMP,10,100000,1000,5,15.606632
