function,n_states,timesteps,max_duration,iteration,elapsed_s
HSMMLearn_CPP,10,100000,250,0,41.584761
HSMMLearn_CPP,10,100000,250,1,41.599392
HSMMLearn_CPP,10,100000,250,2,41.600605
HSMMLearn_CPP,10,100000,250,3,41.597539
HSMMLearn_CPP,10,100000,250,4,41.594863
HSMMLearn_CPP,10,100000,250,5,41.572596
