function,n_states,timesteps,max_duration,iteration,elapsed_s
HSMMLearn_CPP,10,100000,1000,0,156.082846
HSMMLearn_CPP,10,100000,1000,1,156.270608
HSMMLearn_CPP,10,100000,1000,2,156.094856
HSMMLearn_CPP,10,100000,1000,3,156.265630
HSMMLearn_CPP,10,100000,1000,4,156.285529
HSMMLearn_CPP,10,100000,1000,5,156.302201
