function,n_states,timesteps,max_duration,iteration,elapsed_s
HSMMLearn_CPP,10,100000,250,0,32.470898
HSMMLearn_CPP,10,100000,250,1,32.493725
HSMMLearn_CPP,10,100000,250,2,32.483767
HSMMLearn_CPP,10,100000,250,3,32.481150
HSMMLearn_CPP,10,100000,250,4,32.477057
HSMMLearn_CPP,10,100000,250,5,32.453778
