function,n_states,timesteps,max_duration,iteration,elapsed_s
HSMMLearn_OMP,10,100000,500,0,11.442731
HSMMLearn_OMP,10,100000,500,1,11.431589
HSMMLearn_OMP,10,100000,500,2,11.455800
HSMMLearn_OMP,10,100000,500,3,11.454631
HSMMLearn_OMP,10,100000,500,4,11.427725
HSMMLearn_OMP,10,100000,500,5,11.432036
