function,n_states,timesteps,max_duration,iteration,elapsed_s
HSMMLearn_CPP,15,100000,500,0,155.615551
HSMMLearn_CPP,15,100000,500,1,155.757295
HSMMLearn_CPP,15,100000,500,2,155.721623
HSMMLearn_CPP,15,100000,500,3,155.709575
HSMMLearn_CPP,15,100000,500,4,155.738413
HSMMLearn_CPP,15,100000,500,5,155.714679
