function,n_states,timesteps,max_duration,iteration,elapsed_s
HSMMLearn_CPP,15,100000,500,0,156.221139
HSMMLearn_CPP,15,100000,500,1,156.380384
HSMMLearn_CPP,15,100000,500,2,156.285185
HSMMLearn_CPP,15,100000,500,3,156.364725
HSMMLearn_CPP,15,100000,500,4,156.381285
HSMMLearn_CPP,15,100000,500,5,156.281248
