function,n_states,timesteps,max_duration,iteration,elapsed_s
HSMMLearn_CPP,15,100000,100,0,33.850249
HSMMLearn_CPP,15,100000,100,1,33.848218
HSMMLearn_CPP,15,100000,100,2,33.846653
HSMMLearn_CPP,15,100000,100,3,33.848592
HSMMLearn_CPP,15,100000,100,4,33.851296
HSMMLearn_CPP,15,100000,100,5,33.831060
