function,n_states,timesteps,max_duration,iteration,elapsed_s
HSMMLearn_CPP,15,100000,1000,0,301.583906
HSMMLearn_CPP,15,100000,1000,1,301.913978
HSMMLearn_CPP,15,100000,1000,2,301.816383
HSMMLearn_CPP,15,100000,1000,3,301.791306
HSMMLearn_CPP,15,100000,1000,4,301.873856
HSMMLearn_CPP,15,100000,1000,5,301.811897
