function,n_states,timesteps,max_duration,iteration,elapsed_s
HSMMLearn_CPP,15,10000,1000,0,29.118009
HSMMLearn_CPP,15,10000,1000,1,29.124470
HSMMLearn_CPP,15,10000,1000,2,29.123246
HSMMLearn_CPP,15,10000,1000,3,29.126437
HSMMLearn_CPP,15,10000,1000,4,29.095711
HSMMLearn_CPP,15,10000,1000,5,29.095320
