function,n_states,timesteps,max_duration,iteration,elapsed_s
HSMMLearn_OMP,15,100000,500,0,11.463644
HSMMLearn_OMP,15,100000,500,1,11.437606
HSMMLearn_OMP,15,100000,500,2,11.425812
HSMMLearn_OMP,15,100000,500,3,11.503260
HSMMLearn_OMP,15,100000,500,4,11.424734
HSMMLearn_OMP,15,100000,500,5,11.386834
