function,n_states,timesteps,max_duration,iteration,elapsed_s
HSMMLearn_OMP,15,100000,500,0,14.533564
HSMMLearn_OMP,15,100000,500,1,14.530537
HSMMLearn_OMP,15,100000,500,2,14.515172
HSMMLearn_OMP,15,100000,500,3,14.544850
HSMMLearn_OMP,15,100000,500,4,14.515785
HSMMLearn_OMP,15,100000,500,5,14.551867
