function,n_states,timesteps,max_duration,iteration,elapsed_s
HSMMLearn_OMP,15,100000,1000,0,21.705929
HSMMLearn_OMP,15,100000,1000,1,21.642245
HSMMLearn_OMP,15,100000,1000,2,21.656195
HSMMLearn_OMP,15,100000,1000,3,21.674211
HSMMLearn_OMP,15,100000,1000,4,21.661304
HSMMLearn_OMP,15,100000,1000,5,21.643350
