function,n_states,timesteps,max_duration,iteration,elapsed_s
HSMMLearn_CPP,15,10000,1000,0,28.982815
HSMMLearn_CPP,15,10000,1000,1,28.986498
HSMMLearn_CPP,15,10000,1000,2,28.991732
HSMMLearn_CPP,15,10000,1000,3,28.984330
HSMMLearn_CPP,15,10000,1000,4,28.962732
HSMMLearn_CPP,15,10000,1000,5,28.960662
