function,n_states,timesteps,max_duration,iteration,elapsed_s
HSMMLearn_OMP,15,100000,1000,0,29.208296
HSMMLearn_OMP,15,100000,1000,1,21.915157
HSMMLearn_OMP,15,100000,1000,2,21.917130
HSMMLearn_OMP,15,100000,1000,3,21.934679
HSMMLearn_OMP,15,100000,1000,4,21.938461
HSMMLearn_OMP,15,100000,1000,5,21.944250
