function,n_states,timesteps,max_duration,iteration,elapsed_s
HSMMLearn_OMP,15,100000,500,0,10.928441
HSMMLearn_OMP,15,100000,500,1,10.901947
HSMMLearn_OMP,15,100000,500,2,10.916541
HSMMLearn_OMP,15,100000,500,3,10.912219
HSMMLearn_OMP,15,100000,500,4,10.926659
HSMMLearn_OMP,15,100000,500,5,10.917087
