function,n_states,timesteps,max_duration,iteration,elapsed_s
HSMMLearn_OMP,15,100000,1000,0,27.298510
HSMMLearn_OMP,15,100000,1000,1,27.271600
HSMMLearn_OMP,15,100000,1000,2,27.266260
HSMMLearn_OMP,15,100000,1000,3,27.292447
HSMMLearn_OMP,15,100000,1000,4,27.250462
HSMMLearn_OMP,15,100000,1000,5,27.287180
