function,n_states,timesteps,max_duration,iteration,elapsed_s
HSMMLearn_OMP,15,100000,1000,0,26.943617
HSMMLearn_OMP,15,100000,1000,1,26.945019
HSMMLearn_OMP,15,100000,1000,2,26.960535
HSMMLearn_OMP,15,100000,1000,3,26.944741
HSMMLearn_OMP,15,100000,1000,4,26.946439
HSMMLearn_OMP,15,100000,1000,5,26.920704
