function,n_states,timesteps,max_duration,iteration,elapsed_s
HSMMLearn_CPP,15,100000,250,0,80.853979
HSMMLearn_CPP,15,100000,250,1,80.921085
HSMMLearn_CPP,15,100000,250,2,80.930557
HSMMLearn_CPP,15,100000,250,3,80.871326
HSMMLearn_CPP,15,100000,250,4,80.803425
HSMMLearn_CPP,15,100000,250,5,80.851127
