function,n_states,timesteps,max_duration,iteration,elapsed_s
HSMMLearn_CPP,15,100000,500,0,132.685005
HSMMLearn_CPP,15,100000,500,1,132.766329
HSMMLearn_CPP,15,100000,500,2,132.645233
HSMMLearn_CPP,15,100000,500,3,132.589001
HSMMLearn_CPP,15,100000,500,4,132.632438
HSMMLearn_CPP,15,100000,500,5,132.638813
