function,n_states,timesteps,max_duration,iteration,elapsed_s
HSMMLearn_OMP,15,100000,500,0,14.542176
HSMMLearn_OMP,15,100000,500,1,14.491488
HSMMLearn_OMP,15,100000,500,2,14.508677
HSMMLearn_OMP,15,100000,500,3,14.504804
HSMMLearn_OMP,15,100000,500,4,14.538559
HSMMLearn_OMP,15,100000,500,5,14.515935
