function,n_states,timesteps,max_duration,iteration,elapsed_s
HSMMLearn_CPP,15,10000,1000,0,29.148143
HSMMLearn_CPP,15,10000,1000,1,29.100148
HSMMLearn_CPP,15,10000,1000,2,29.101265
HSMMLearn_CPP,15,10000,1000,3,29.105919
HSMMLearn_CPP,15,10000,1000,4,29.108281
HSMMLearn_CPP,15,10000,1000,5,29.101225
