function,n_states,timesteps,max_duration,iteration,elapsed_s
HSMMLearn_CPP,15,100000,250,0,80.839004
HSMMLearn_CPP,15,100000,250,1,80.892338
HSMMLearn_CPP,15,100000,250,2,80.898691
HSMMLearn_CPP,15,100000,250,3,80.892637
HSMMLearn_CPP,15,100000,250,4,80.813380
HSMMLearn_CPP,15,100000,250,5,80.867157
