function,n_states,timesteps,max_duration,iteration,elapsed_s
HSMMLearn_CPP,15,100000,1000,0,302.328354
HSMMLearn_CPP,15,100000,1000,1,302.703583
HSMMLearn_CPP,15,100000,1000,2,302.564687
HSMMLearn_CPP,15,100000,1000,3,302.543404
HSMMLearn_CPP,15,100000,1000,4,302.618229
HSMMLearn_CPP,15,100000,1000,5,302.673160
