function,n_states,timesteps,max_duration,iteration,elapsed_s
HSMMLearn_CPP,15,100000,1000,0,302.463647
HSMMLearn_CPP,15,100000,1000,1,302.791990
HSMMLearn_CPP,15,100000,1000,2,302.726683
HSMMLearn_CPP,15,100000,1000,3,302.592458
HSMMLearn_CPP,15,100000,1000,4,302.680523
HSMMLearn_CPP,15,100000,1000,5,302.953734
