function,n_states,timesteps,max_duration,iteration,elapsed_s
HSMMLearn_CPP,15,100000,1000,0,260.830448
HSMMLearn_CPP,15,100000,1000,1,260.959377
HSMMLearn_CPP,15,100000,1000,2,260.777035
HSMMLearn_CPP,15,100000,1000,3,260.680256
HSMMLearn_CPP,15,100000,1000,4,260.794702
HSMMLearn_CPP,15,100000,1000,5,260.760100
