function,n_states,timesteps,max_duration,iteration,elapsed_s
HSMMLearn_OMP,15,100000,1000,0,32.704110
HSMMLearn_OMP,15,100000,1000,1,26.994394
HSMMLearn_OMP,15,100000,1000,2,27.032569
HSMMLearn_OMP,15,100000,1000,3,27.009749
HSMMLearn_OMP,15,100000,1000,4,27.012354
HSMMLearn_OMP,15,100000,1000,5,27.040167
