function,n_states,timesteps,max_duration,iteration,elapsed_s
HSMMLearn_CPP,15,100000,100,0,33.699493
HSMMLearn_CPP,15,100000,100,1,33.711770
HSMMLearn_CPP,15,100000,100,2,33.697845
HSMMLearn_CPP,15,100000,100,3,33.699123
HSMMLearn_CPP,15,100000,100,4,33.698820
HSMMLearn_CPP,15,100000,100,5,33.683630
