function,n_states,timesteps,max_duration,iteration,elapsed_s
HSMMLearn_CPP,15,100000,100,0,33.706666
HSMMLearn_CPP,15,100000,100,1,33.703977
HSMMLearn_CPP,15,100000,100,2,33.708876
HSMMLearn_CPP,15,100000,100,3,33.702340
HSMMLearn_CPP,15,100000,100,4,33.706297
HSMMLearn_CPP,15,100000,100,5,33.688586
