function,n_states,timesteps,max_duration,iteration,elapsed_s
HSMMLearn_OMP,15,100000,500,0,14.508348
HSMMLearn_OMP,15,100000,500,1,14.519913
HSMMLearn_OMP,15,100000,500,2,14.541934
HSMMLearn_OMP,15,100000,500,3,14.522278
HSMMLearn_OMP,15,100000,500,4,14.512325
HSMMLearn_OMP,15,100000,500,5,14.527994
