function,n_states,timesteps,max_duration,iteration,elapsed_s
HSMMLearn_CPP,15,100000,500,0,156.187396
HSMMLearn_CPP,15,100000,500,1,156.351647
HSMMLearn_CPP,15,100000,500,2,156.308580
HSMMLearn_CPP,15,100000,500,3,156.299618
HSMMLearn_CPP,15,100000,500,4,156.328952
HSMMLearn_CPP,15,100000,500,5,156.310477
