function,n_states,timesteps,max_duration,iteration,elapsed_s
HSMMLearn_CPP,15,100000,250,0,67.588514
HSMMLearn_CPP,15,100000,250,1,67.633983
HSMMLearn_CPP,15,100000,250,2,67.598834
HSMMLearn_CPP,15,100000,250,3,67.600819
HSMMLearn_CPP,15,100000,250,4,67.534466
HSMMLearn_CPP,15,100000,250,5,67.536647
