function,n_states,timesteps,max_duration,iteration,elapsed_s
HSMMLearn_CPP,15,100000,250,0,80.839036
HSMMLearn_CPP,15,100000,250,1,80.908867
HSMMLearn_CPP,15,100000,250,2,80.904474
HSMMLearn_CPP,15,100000,250,3,80.904228
HSMMLearn_CPP,15,100000,250,4,80.818672
HSMMLearn_CPP,15,100000,250,5,80.865916
