function,n_states,timesteps,max_duration,iteration,elapsed_s
HSMMLearn_CPP,15,10000,1000,0,24.999487
HSMMLearn_CPP,15,10000,1000,1,24.988826
HSMMLearn_CPP,15,10000,1000,2,24.985831
HSMMLearn_CPP,15,10000,1000,3,24.993648
HSMMLearn_CPP,15,10000,1000,4,24.996200
HSMMLearn_CPP,15,10000,1000,5,24.991177
