function,n_states,timesteps,max_duration,iteration,elapsed_s
HSMMLearn_CPP,15,100000,100,0,27.552859
HSMMLearn_CPP,15,100000,100,1,27.535779
HSMMLearn_CPP,15,100000,100,2,27.549814
HSMMLearn_CPP,15,100000,100,3,27.553936
HSMMLearn_CPP,15,100000,100,4,27.547356
HSMMLearn_CPP,15,100000,100,5,27.503657
