function,n_states,timesteps,max_duration,iteration,elapsed_s
HSMMLearn_CPP,15,10000,1000,0,29.112823
HSMMLearn_CPP,15,10000,1000,1,29.123923
HSMMLearn_CPP,15,10000,1000,2,29.117044
HSMMLearn_CPP,15,10000,1000,3,29.108673
HSMMLearn_CPP,15,10000,1000,4,29.095042
HSMMLearn_CPP,15,10000,1000,5,29.079325
