function,n_states,timesteps,max_duration,iteration,elapsed_s
HSMMLearn_CPP,25,100000,100,0,93.616977
HSMMLearn_CPP,25,100000,100,1,93.625921
HSMMLearn_CPP,25,100000,100,2,93.688343
HSMMLearn_CPP,25,100000,100,3,93.619194
HSMMLearn_CPP,25,100000,100,4,93.589663
HSMMLearn_CPP,25,100000,100,5,93.590387
