function,n_states,timesteps,max_duration,iteration,elapsed_s
HSMMLearn_CPP,25,10000,1000,0,78.133024
HSMMLearn_CPP,25,10000,1000,1,78.118021
HSMMLearn_CPP,25,10000,1000,2,78.246053
HSMMLearn_CPP,25,10000,1000,3,78.277498
HSMMLearn_CPP,25,10000,1000,4,78.230604
HSMMLearn_CPP,25,10000,1000,5,78.184078
