function,n_states,timesteps,max_duration,iteration,elapsed_s
HSMMLearn_CPP,25,100000,250,0,220.498943
HSMMLearn_CPP,25,100000,250,1,220.562302
HSMMLearn_CPP,25,100000,250,2,220.540357
HSMMLearn_CPP,25,100000,250,3,220.507676
HSMMLearn_CPP,25,100000,250,4,220.524377
HSMMLearn_CPP,25,100000,250,5,220.548922
