function,n_states,timesteps,max_duration,iteration,elapsed_s
HSMMLearn_CPP,25,10000,1000,0,78.344630
HSMMLearn_CPP,25,10000,1000,1,78.322155
HSMMLearn_CPP,25,10000,1000,2,78.370839
HSMMLearn_CPP,25,10000,1000,3,78.364103
HSMMLearn_CPP,25,10000,1000,4,78.632834
HSMMLearn_CPP,25,10000,1000,5,78.581952
