function,n_states,timesteps,max_duration,iteration,elapsed_s
HSMMLearn_OMP,25,100000,250,0,12.831713
HSMMLearn_OMP,25,100000,250,1,12.804207
HSMMLearn_OMP,25,100000,250,2,12.817407
HSMMLearn_OMP,25,100000,250,3,12.822934
HSMMLearn_OMP,25,100000,250,4,12.799200
HSMMLearn_OMP,25,100000,250,5,12.797053
