function,n_states,timesteps,max_duration,iteration,elapsed_s
HSMMLearn_CPP,25,10000,1000,0,77.537530
HSMMLearn_CPP,25,10000,1000,1,77.566208
HSMMLearn_CPP,25,10000,1000,2,77.598680
HSMMLearn_CPP,25,10000,1000,3,77.597495
HSMMLearn_CPP,25,10000,1000,4,77.561809
HSMMLearn_CPP,25,10000,1000,5,77.536985
