function,n_states,timesteps,max_duration,iteration,elapsed_s
HSMMLearn_CPP,25,10000,1000,0,78.188156
HSMMLearn_CPP,25,10000,1000,1,78.088941
HSMMLearn_CPP,25,10000,1000,2,78.059000
HSMMLearn_CPP,25,10000,1000,3,78.234071
HSMMLearn_CPP,25,10000,1000,4,78.170852
HSMMLearn_CPP,25,10000,1000,5,78.194380
