function,n_states,timesteps,max_duration,iteration,elapsed_s
HSMMLearn_CPP,25,100000,100,0,80.830497
HSMMLearn_CPP,25,100000,100,1,80.989210
HSMMLearn_CPP,25,100000,100,2,80.818285
HSMMLearn_CPP,25,100000,100,3,80.804275
HSMMLearn_CPP,25,100000,100,4,80.721470
HSMMLearn_CPP,25,100000,100,5,80.726892
