function,n_states,timesteps,max_duration,iteration,elapsed_s
HSMMLearn_CPP,25,10000,1000,0,69.829199
HSMMLearn_CPP,25,10000,1000,1,69.968462
HSMMLearn_CPP,25,10000,1000,2,69.897203
HSMMLearn_CPP,25,10000,1000,3,69.943291
HSMMLearn_CPP,25,10000,1000,4,69.866117
HSMMLearn_CPP,25,10000,1000,5,69.900530
