function,n_states,timesteps,max_duration,iteration,elapsed_s
HSMMLearn_CPP,25,100000,250,0,195.040646
HSMMLearn_CPP,25,100000,250,1,195.146773
HSMMLearn_CPP,25,100000,250,2,194.926935
HSMMLearn_CPP,25,100000,250,3,194.891883
HSMMLearn_CPP,25,100000,250,4,194.932367
HSMMLearn_CPP,25,100000,250,5,194.937667
