function,n_states,timesteps,max_duration,iteration,elapsed_s
HSMMLearn_OMP,25,100000,250,0,12.481716
HSMMLearn_OMP,25,100000,250,1,12.464755
HSMMLearn_OMP,25,100000,250,2,12.479046
HSMMLearn_OMP,25,100000,250,3,12.461738
HSMMLearn_OMP,25,100000,250,4,12.462856
HSMMLearn_OMP,25,100000,250,5,12.477739
