function,n_states,timesteps,max_duration,iteration,elapsed_s
HSMMLearn_OMP,25,100000,1000,0,37.971706
HSMMLearn_OMP,25,100000,1000,1,38.057128
HSMMLearn_OMP,25,100000,1000,2,37.974402
HSMMLearn_OMP,25,100000,1000,3,37.895631
HSMMLearn_OMP,25,100000,1000,4,37.861214
HSMMLearn_OMP,25,100000,1000,5,37.886374
