function,n_states,timesteps,max_duration,iteration,elapsed_s
HSMMLearn_OMP,25,100000,500,0,19.560111
HSMMLearn_OMP,25,100000,500,1,19.579890
HSMMLearn_OMP,25,100000,500,2,19.485743
HSMMLearn_OMP,25,100000,500,3,19.550328
HSMMLearn_OMP,25,100000,500,4,19.684882
HSMMLearn_OMP,25,100000,500,5,19.530013
