function,n_states,timesteps,max_duration,iteration,elapsed_s
HSMMLearn_CPP,25,100000,100,0,93.741805
HSMMLearn_CPP,25,100000,100,1,93.724947
HSMMLearn_CPP,25,100000,100,2,93.765789
HSMMLearn_CPP,25,100000,100,3,93.732035
HSMMLearn_CPP,25,100000,100,4,93.682888
HSMMLearn_CPP,25,100000,100,5,93.711518
