function,n_states,timesteps,max_duration,iteration,elapsed_s
HSMMLearn_OMP,25,100000,250,0,9.878677
HSMMLearn_OMP,25,100000,250,1,10.417585
HSMMLearn_OMP,25,100000,250,2,9.877336
HSMMLearn_OMP,25,100000,250,3,9.879143
HSMMLearn_OMP,25,100000,250,4,9.917214
HSMMLearn_OMP,25,100000,250,5,10.033310
