function,n_states,timesteps,max_duration,iteration,elapsed_s
HSMMLearn_CPP,25,100000,250,0,221.329268
HSMMLearn_CPP,25,100000,250,1,221.346571
HSMMLearn_CPP,25,100000,250,2,221.424131
HSMMLearn_CPP,25,100000,250,3,221.332586
HSMMLearn_CPP,25,100000,250,4,221.416617
HSMMLearn_CPP,25,100000,250,5,221.355821
