function,n_states,timesteps,max_duration,iteration,elapsed_s
HSMMLearn_CPP,25,100000,250,0,221.584572
HSMMLearn_CPP,25,100000,250,1,221.879711
HSMMLearn_CPP,25,100000,250,2,221.642548
HSMMLearn_CPP,25,100000,250,3,221.629756
HSMMLearn_CPP,25,100000,250,4,221.581016
HSMMLearn_CPP,25,100000,250,5,221.620697
