function,n_states,timesteps,max_duration,iteration,elapsed_s
HSMMLearn_OMP,25,100000,250,0,12.540073
HSMMLearn_OMP,25,100000,250,1,12.519215
HSMMLearn_OMP,25,100000,250,2,12.536832
HSMMLearn_OMP,25,100000,250,3,12.534875
HSMMLearn_OMP,25,100000,250,4,12.528222
HSMMLearn_OMP,25,100000,250,5,12.548802
