function,n_states,timesteps,max_duration,iteration,elapsed_s
HSMMLearn_CPP,50,100000,100,0,336.704328
HSMMLearn_CPP,50,100000,100,1,336.748418
HSMMLearn_CPP,50,100000,100,2,336.669539
HSMMLearn_CPP,50,100000,100,3,336.827451
HSMMLearn_CPP,50,100000,100,4,336.652870
HSMMLearn_CPP,50,100000,100,5,336.836742
