function,n_states,timesteps,max_duration,iteration,elapsed_s
HSMMLearn_OMP,50,100000,500,0,38.046152
HSMMLearn_OMP,50,100000,500,1,50.742780
HSMMLearn_OMP,50,100000,500,2,39.097172
HSMMLearn_OMP,50,100000,500,3,39.164957
HSMMLearn_OMP,50,100000,500,4,36.275763
HSMMLearn_OMP,50,100000,500,5,36.437562
