function,n_states,timesteps,max_duration,iteration,elapsed_s
HSMMLearn_CPP,50,10000,500,0,153.243076
HSMMLearn_CPP,50,10000,500,1,153.225874
HSMMLearn_CPP,50,10000,500,2,153.229535
HSMMLearn_CPP,50,10000,500,3,153.169043
HSMMLearn_CPP,50,10000,500,4,153.248398
HSMMLearn_CPP,50,10000,500,5,153.192460
