function,n_states,timesteps,max_duration,iteration,elapsed_s
HSMMLearn_CPP,50,10000,1000,0,290.993653
HSMMLearn_CPP,50,10000,1000,1,291.886562
HSMMLearn_CPP,50,10000,1000,2,291.676319
HSMMLearn_CPP,50,10000,1000,3,291.579901
HSMMLearn_CPP,50,10000,1000,4,291.321415
HSMMLearn_CPP,50,10000,1000,5,291.587514
