function,n_states,timesteps,max_duration,iteration,elapsed_s
HSMMLearn_OMP,50,100000,1000,0,71.403413
HSMMLearn_OMP,50,100000,1000,1,71.311117
HSMMLearn_OMP,50,100000,1000,2,71.315675
HSMMLearn_OMP,50,100000,1000,3,71.292119
HSMMLearn_OMP,50,100000,1000,4,71.308802
HSMMLearn_OMP,50,100000,1000,5,71.304161
