function,n_states,timesteps,max_duration,iteration,elapsed_s
HSMMLearn_CPP,50,10000,1000,0,290.975094
HSMMLearn_CPP,50,10000,1000,1,291.050608
HSMMLearn_CPP,50,10000,1000,2,291.440012
HSMMLearn_CPP,50,10000,1000,3,291.338978
HSMMLearn_CPP,50,10000,1000,4,291.106074
HSMMLearn_CPP,50,10000,1000,5,291.175193
