function,n_states,timesteps,max_duration,iteration,elapsed_s
HSMMLearn_CPP,50,10000,500,0,151.736445
HSMMLearn_CPP,50,10000,500,1,151.548973
HSMMLearn_CPP,50,10000,500,2,151.742192
HSMMLearn_CPP,50,10000,500,3,151.595882
HSMMLearn_CPP,50,10000,500,4,151.561917
HSMMLearn_CPP,50,10000,500,5,151.668772
