function,n_states,timesteps,max_duration,iteration,elapsed_s
HSMMLearn_CPP,50,10000,1000,0,288.053943
HSMMLearn_CPP,50,10000,1000,1,288.485660
HSMMLearn_CPP,50,10000,1000,2,288.144150
HSMMLearn_CPP,50,10000,1000,3,288.209222
HSMMLearn_CPP,50,10000,1000,4,288.376241
HSMMLearn_CPP,50,10000,1000,5,288.033404
