function,n_states,timesteps,max_duration,iteration,elapsed_s
HSMMLearn_CPP,50,10000,500,0,137.787758
HSMMLearn_CPP,50,10000,500,1,137.885863
HSMMLearn_CPP,50,10000,500,2,137.806634
HSMMLearn_CPP,50,10000,500,3,137.821608
HSMMLearn_CPP,50,10000,500,4,137.887860
HSMMLearn_CPP,50,10000,500,5,137.881884
