function,n_states,timesteps,max_duration,iteration,elapsed_s
HSMMLearn_CPP,50,10000,500,0,153.109463
HSMMLearn_CPP,50,10000,500,1,153.062056
HSMMLearn_CPP,50,10000,500,2,153.273070
HSMMLearn_CPP,50,10000,500,3,153.049321
HSMMLearn_CPP,50,10000,500,4,153.266528
HSMMLearn_CPP,50,10000,500,5,153.142844
