function,n_states,timesteps,max_duration,iteration,elapsed_s
HSMMLearn_OMP,50,100000,100,0,10.586326
HSMMLearn_OMP,50,100000,100,1,10.597301
HSMMLearn_OMP,50,100000,100,2,10.594731
HSMMLearn_OMP,50,100000,100,3,10.618190
HSMMLearn_OMP,50,100000,100,4,10.622356
HSMMLearn_OMP,50,100000,100,5,10.597222
