function,n_states,timesteps,max_duration,iteration,elapsed_s
HSMMLearn_CPP,50,10000,500,0,153.161083
HSMMLearn_CPP,50,10000,500,1,153.303168
HSMMLearn_CPP,50,10000,500,2,153.458226
HSMMLearn_CPP,50,10000,500,3,153.103395
HSMMLearn_CPP,50,10000,500,4,153.121075
HSMMLearn_CPP,50,10000,500,5,153.138904
