function,n_states,timesteps,max_duration,iteration,elapsed_s
HSMMLearn_OMP,50,100000,100,0,10.477161
HSMMLearn_OMP,50,100000,100,1,10.542519
HSMMLearn_OMP,50,100000,100,2,10.548462
HSMMLearn_OMP,50,100000,100,3,10.518122
HSMMLearn_OMP,50,100000,100,4,10.515907
HSMMLearn_OMP,50,100000,100,5,10.516899
