function,n_states,timesteps,max_duration,iteration,elapsed_s
HSMMLearn_CPP,50,100000,100,0,301.071886
HSMMLearn_CPP,50,100000,100,1,301.361952
HSMMLearn_CPP,50,100000,100,2,301.325930
HSMMLearn_CPP,50,100000,100,3,301.720470
HSMMLearn_CPP,50,100000,100,4,301.333467
HSMMLearn_CPP,50,100000,100,5,301.715028
