function,n_states,timesteps,max_duration,iteration,elapsed_s
HSMMLearn_OMP,50,100000,100,0,10.293936
HSMMLearn_OMP,50,100000,100,1,10.289428
HSMMLearn_OMP,50,100000,100,2,10.322805
HSMMLearn_OMP,50,100000,100,3,10.315300
HSMMLearn_OMP,50,100000,100,4,10.293065
HSMMLearn_OMP,50,100000,100,5,10.315305
