function,n_states,timesteps,max_duration,iteration,elapsed_s
HSMMLearn_CPP,50,10000,1000,0,263.478796
HSMMLearn_CPP,50,10000,1000,1,263.395959
HSMMLearn_CPP,50,10000,1000,2,263.165626
HSMMLearn_CPP,50,10000,1000,3,263.175759
HSMMLearn_CPP,50,10000,1000,4,263.362233
HSMMLearn_CPP,50,10000,1000,5,263.385338
