function,n_states,timesteps,max_duration,iteration,elapsed_s
HSMMLearn_CPP,50,100000,100,0,337.114624
HSMMLearn_CPP,50,100000,100,1,336.932930
HSMMLearn_CPP,50,100000,100,2,336.724750
HSMMLearn_CPP,50,100000,100,3,337.106143
HSMMLearn_CPP,50,100000,100,4,336.835843
HSMMLearn_CPP,50,100000,100,5,336.816115
