function,n_states,timesteps,max_duration,iteration,elapsed_s
HSMMLearn_CPP,50,100000,100,0,334.063540
HSMMLearn_CPP,50,100000,100,1,334.818634
HSMMLearn_CPP,50,100000,100,2,334.360506
HSMMLearn_CPP,50,100000,100,3,334.384248
HSMMLearn_CPP,50,100000,100,4,334.249606
HSMMLearn_CPP,50,100000,100,5,334.261714
