function,n_states,timesteps,max_duration,iteration,elapsed_s
HSMMLearn_OMP,50,100000,250,0,19.646272
HSMMLearn_OMP,50,100000,250,1,19.629959
HSMMLearn_OMP,50,100000,250,2,19.506240
HSMMLearn_OMP,50,100000,250,3,19.605901
HSMMLearn_OMP,50,100000,250,4,19.574054
HSMMLearn_OMP,50,100000,250,5,19.754964
