function,n_states,timesteps,max_duration,iteration,elapsed_s
HSMMLearn_CPP,75,10000,250,0,169.182284
HSMMLearn_CPP,75,10000,250,1,168.970683
HSMMLearn_CPP,75,10000,250,2,168.959632
HSMMLearn_CPP,75,10000,250,3,168.967869
HSMMLearn_CPP,75,10000,250,4,169.224590
HSMMLearn_CPP,75,10000,250,5,169.080830
