function,n_states,timesteps,max_duration,iteration,elapsed_s
HSMMLearn_CPP,75,10000,500,0,296.232455
HSMMLearn_CPP,75,10000,500,1,295.965699
HSMMLearn_CPP,75,10000,500,2,296.042300
HSMMLearn_CPP,75,10000,500,3,296.048472
HSMMLearn_CPP,75,10000,500,4,296.336320
HSMMLearn_CPP,75,10000,500,5,296.331882
