function,n_states,timesteps,max_duration,iteration,elapsed_s
HSMMLearn_OMP,75,100000,500,0,58.071000
HSMMLearn_OMP,75,100000,500,1,58.204501
HSMMLearn_OMP,75,100000,500,2,58.213258
HSMMLearn_OMP,75,100000,500,3,58.040243
HSMMLearn_OMP,75,100000,500,4,58.018388
HSMMLearn_OMP,75,100000,500,5,58.073391
