function,n_states,timesteps,max_duration,iteration,elapsed_s
HSMMLearn_CPP,75,10000,1000,0,612.265247
HSMMLearn_CPP,75,10000,1000,1,612.503386
HSMMLearn_CPP,75,10000,1000,2,612.292320
HSMMLearn_CPP,75,10000,1000,3,612.317846
HSMMLearn_CPP,75,10000,1000,4,612.226357
HSMMLearn_CPP,75,10000,1000,5,612.372077
