function,n_states,timesteps,max_duration,iteration,elapsed_s
HSMMLearn_OMP,75,100000,1000,0,104.285965
HSMMLearn_OMP,75,100000,1000,1,104.071187
HSMMLearn_OMP,75,100000,1000,2,104.692844
HSMMLearn_OMP,75,100000,1000,3,104.349489
HSMMLearn_OMP,75,100000,1000,4,103.953094
HSMMLearn_OMP,75,100000,1000,5,104.278696
