function,n_states,timesteps,max_duration,iteration,elapsed_s
HSMMLearn_CPP,75,10000,250,0,169.977554
HSMMLearn_CPP,75,10000,250,1,170.023286
HSMMLearn_CPP,75,10000,250,2,169.864761
HSMMLearn_CPP,75,10000,250,3,169.893871
HSMMLearn_CPP,75,10000,250,4,169.862607
HSMMLearn_CPP,75,10000,250,5,169.994413
