function,n_states,timesteps,max_duration,iteration,elapsed_s
HSMMLearn_OMP,75,10000,1000,0,10.916386
HSMMLearn_OMP,75,10000,1000,1,10.597047
HSMMLearn_OMP,75,10000,1000,2,10.582143
HSMMLearn_OMP,75,10000,1000,3,10.731598
HSMMLearn_OMP,75,10000,1000,4,10.590486
HSMMLearn_OMP,75,10000,1000,5,10.728452
