function,n_states,timesteps,max_duration,iteration,elapsed_s
HSMMLearn_OMP,75,100000,250,0,27.637713
HSMMLearn_OMP,75,100000,250,1,27.808434
HSMMLearn_OMP,75,100000,250,2,27.582992
HSMMLearn_OMP,75,100000,250,3,27.533399
HSMMLearn_OMP,75,100000,250,4,27.559485
HSMMLearn_OMP,75,100000,250,5,27.590500
