function,n_states,timesteps,max_duration,iteration,elapsed_s
HSMMLearn_CPP,75,10000,500,0,324.163477
HSMMLearn_CPP,75,10000,500,1,323.902779
HSMMLearn_CPP,75,10000,500,2,324.065496
HSMMLearn_CPP,75,10000,500,3,324.134133
HSMMLearn_CPP,75,10000,500,4,323.791775
HSMMLearn_CPP,75,10000,500,5,323.910445
