function,n_states,timesteps,max_duration,iteration,elapsed_s
HSMMLearn_CPP,75,10000,500,0,321.298763
HSMMLearn_CPP,75,10000,500,1,320.979858
HSMMLearn_CPP,75,10000,500,2,321.017240
HSMMLearn_CPP,75,10000,500,3,321.145440
HSMMLearn_CPP,75,10000,500,4,321.383227
HSMMLearn_CPP,75,10000,500,5,321.388266
