function,n_states,timesteps,max_duration,iteration,elapsed_s
HSMMLearn_CPP,75,10000,500,0,323.972989
HSMMLearn_CPP,75,10000,500,1,324.152647
HSMMLearn_CPP,75,10000,500,2,324.096744
HSMMLearn_CPP,75,10000,500,3,324.065191
HSMMLearn_CPP,75,10000,500,4,323.927849
HSMMLearn_CPP,75,10000,500,5,324.031121
