function,n_states,timesteps,max_duration,iteration,elapsed_s
HSMMLearn_CPP,75,10000,250,0,170.017633
HSMMLearn_CPP,75,10000,250,1,169.975052
HSMMLearn_CPP,75,10000,250,2,169.999288
HSMMLearn_CPP,75,10000,250,3,169.913515
HSMMLearn_CPP,75,10000,250,4,169.949638
HSMMLearn_CPP,75,10000,250,5,169.906013
