function,n_states,timesteps,max_duration,iteration,elapsed_s
HSMMLearn_CPP,75,10000,250,0,170.273697
HSMMLearn_CPP,75,10000,250,1,170.037311
HSMMLearn_CPP,75,10000,250,2,170.087667
HSMMLearn_CPP,75,10000,250,3,170.158040
HSMMLearn_CPP,75,10000,250,4,170.128818
HSMMLearn_CPP,75,10000,250,5,170.153914
