function,n_states,timesteps,max_duration,iteration,elapsed_s
HSMMLearn_CPP,75,10000,500,0,324.356234
HSMMLearn_CPP,75,10000,500,1,324.040945
HSMMLearn_CPP,75,10000,500,2,324.053233
HSMMLearn_CPP,75,10000,500,3,324.379652
HSMMLearn_CPP,75,10000,500,4,324.641716
HSMMLearn_CPP,75,10000,500,5,324.519271
