function,n_states,timesteps,max_duration,iteration,elapsed_s
HSMMLearn_OMP,75,100000,100,0,12.665207
HSMMLearn_OMP,75,100000,100,1,12.647524
HSMMLearn_OMP,75,100000,100,2,12.643524
HSMMLearn_OMP,75,100000,100,3,12.621139
HSMMLearn_OMP,75,100000,100,4,12.641374
HSMMLearn_OMP,75,100000,100,5,12.651007
