function,n_states,timesteps,max_duration,iteration,elapsed_s
HSMMLearn_CPP,75,10000,250,0,153.792992
HSMMLearn_CPP,75,10000,250,1,153.902695
HSMMLearn_CPP,75,10000,250,2,153.927035
HSMMLearn_CPP,75,10000,250,3,153.904742
HSMMLearn_CPP,75,10000,250,4,153.975436
HSMMLearn_CPP,75,10000,250,5,153.887139
