function,n_states,timesteps,max_duration,iteration,elapsed_s
HSMMLearn_OMP,10,100000,1000,0,11.273373
HSMMLearn_OMP,10,100000,1000,1,11.414654
HSMMLearn_OMP,10,100000,1000,2,11.464415
HSMMLearn_OMP,10,100000,1000,3,11.333543
HSMMLearn_OMP,10,100000,1000,4,11.355235
HSMMLearn_OMP,10,100000,1000,5,11.398226
