function,n_states,timesteps,max_duration,iteration,elapsed_s
HSMMLearn_OMP,15,100000,1000,0,15.159289
HSMMLearn_OMP,15,100000,1000,1,15.226577
HSMMLearn_OMP,15,100000,1000,2,15.215798
HSMMLearn_OMP,15,100000,1000,3,15.220666
HSMMLearn_OMP,15,100000,1000,4,15.214512
HSMMLearn_OMP,15,100000,1000,5,15.230822
