function,n_states,timesteps,max_duration,iteration,elapsed_s
HSMMLearn_OMP,25,100000,1000,0,27.155289
HSMMLearn_OMP,25,100000,1000,1,27.356676
HSMMLearn_OMP,25,100000,1000,2,27.222775
HSMMLearn_OMP,25,100000,1000,3,27.239341
HSMMLearn_OMP,25,100000,1000,4,27.135021
HSMMLearn_OMP,25,100000,1000,5,26.935959
