function,n_states,timesteps,max_duration,iteration,elapsed_s
HSMMLearn_OMP,50,100000,1000,0,49.730091
HSMMLearn_OMP,50,100000,1000,1,50.068853
HSMMLearn_OMP,50,100000,1000,2,49.886880
HSMMLearn_OMP,50,100000,1000,3,51.070987
HSMMLearn_OMP,50,100000,1000,4,51.089960
HSMMLearn_OMP,50,100000,1000,5,50.498776
