function,n_states,timesteps,max_duration,iteration,elapsed_s
HSMMLearn_CPP,50,10000,1000,0,193.153313
HSMMLearn_CPP,50,10000,1000,1,193.066252
HSMMLearn_CPP,50,10000,1000,2,192.615903
HSMMLearn_CPP,50,10000,1000,3,192.631384
HSMMLearn_CPP,50,10000,1000,4,192.717528
HSMMLearn_CPP,50,10000,1000,5,192.998277
