function,n_states,timesteps,max_duration,iteration,elapsed_s
HSMMLearn_OMP,50,100000,250,0,13.138102
HSMMLearn_OMP,50,100000,250,1,13.576722
HSMMLearn_OMP,50,100000,250,2,13.235536
HSMMLearn_OMP,50,100000,250,3,13.177230
HSMMLearn_OMP,50,100000,250,4,13.168916
HSMMLearn_OMP,50,100000,250,5,13.182471
