function,n_states,timesteps,max_duration,iteration,elapsed_s
HSMMLearn_CPP,50,10000,500,0,101.090255
HSMMLearn_CPP,50,10000,500,1,101.191646
HSMMLearn_CPP,50,10000,500,2,100.983652
HSMMLearn_CPP,50,10000,500,3,101.144944
HSMMLearn_CPP,50,10000,500,4,101.155911
HSMMLearn_CPP,50,10000,500,5,101.171808
