function,n_states,timesteps,max_duration,iteration,elapsed_s
HSMMLearn_OMP,75,100000,500,0,38.154059
HSMMLearn_OMP,75,100000,500,1,38.284645
HSMMLearn_OMP,75,100000,500,2,38.184746
HSMMLearn_OMP,75,100000,500,3,38.322321
HSMMLearn_OMP,75,100000,500,4,42.061693
HSMMLearn_OMP,75,100000,500,5,38.328299
