function,n_states,timesteps,max_duration,iteration,elapsed_s
HSMMLearn_CPP,75,10000,250,0,113.711431
HSMMLearn_CPP,75,10000,250,1,112.681975
HSMMLearn_CPP,75,10000,250,2,113.260417
HSMMLearn_CPP,75,10000,250,3,113.289955
HSMMLearn_CPP,75,10000,250,4,113.169976
HSMMLearn_CPP,75,10000,250,5,113.192193
