function,n_states,timesteps,max_duration,iteration,elapsed_s
HSMMLearn_OMP,75,100000,1000,0,76.095081
HSMMLearn_OMP,75,100000,1000,1,76.052810
HSMMLearn_OMP,75,100000,1000,2,75.404303
HSMMLearn_OMP,75,100000,1000,3,76.306349
HSMMLearn_OMP,75,100000,1000,4,75.940682
HSMMLearn_OMP,75,100000,1000,5,76.198260
