function,n_states,timesteps,max_duration,iteration,elapsed_s
HSMMLearn_CPP,75,10000,1000,0,409.673758
HSMMLearn_CPP,75,10000,1000,1,409.592589
HSMMLearn_CPP,75,10000,1000,2,409.515618
HSMMLearn_CPP,75,10000,1000,3,409.582365
HSMMLearn_CPP,75,10000,1000,4,409.605990
HSMMLearn_CPP,75,10000,1000,5,409.719163
