{
  "seed": 42,
  "n_steps": 20,
  "M": 4,
  "emission": "nonp",
  "duration": "nonp",
  "obs_seq": [
    1,
    1,
    3,
    2,
    2,
    2,
    1,
    5,
    1,
    5,
    4,
    1,
    1,
    1,
    2,
    2,
    5,
    5,
    1,
    5
  ],
  "pi": [
    0.9,
    0.1,
    0.0,
    0.0
  ],
  "trans_mat": [
    [
      0.0,
      0.9,
      0.0,
      0.1
    ],
    [
      0.1,
      0.0,
      0.5,
      0.4
    ],
    [
      0.0,
      1.0,
      0.0,
      0.0
    ],
    [
      0.2,
      0.8,
      0.0,
      0.0
    ]
  ],
  "n_bins": 13,
  "states": [
    {
      "id": 0,
      "name": "Awake",
      "emission_probs": [
        0.001,
        0.001,
        0.002,
        0.002,
        0.002,
        0.01,
        0.03,
        0.15,
        0.3,
        0.3,
        0.15,
        0.04,
        0.012
      ],
      "duration_probs": [
        0.039566592086333716,
        0.12187368359859196,
        0.29235976856942536,
        0.5461999557456491
      ]
    },
    {
      "id": 1,
      "name": "Light",
      "emission_probs": [
        0.01,
        0.03,
        0.1,
        0.25,
        0.3,
        0.2,
        0.08,
        0.02,
        0.005,
        0.002,
        0.001,
        0.001,
        0.001
      ],
      "duration_probs": [
        0.11281405641888821,
        0.17887342717090549,
        0.27921747122269813,
        0.4290950451875082
      ]
    },
    {
      "id": 2,
      "name": "Deep",
      "emission_probs": [
        0.15,
        0.3,
        0.35,
        0.15,
        0.04,
        0.005,
        0.002,
        0.001,
        0.001,
        0.001,
        0.0,
        0.0,
        0.0
      ],
      "duration_probs": [
        0.10428139851050906,
        0.17107345062289553,
        0.277853223178455,
        0.44679192768814047
      ]
    },
    {
      "id": 3,
      "name": "REM",
      "emission_probs": [
        0.001,
        0.001,
        0.002,
        0.002,
        0.002,
        0.01,
        0.03,
        0.2,
        0.4,
        0.25,
        0.08,
        0.02,
        0.002
      ],
      "duration_probs": [
        0.036680737493310675,
        0.09773421997262607,
        0.2501977870648286,
        0.6153872554692346
      ]
    }
  ]
}