function,n_states,timesteps,max_duration,iteration,elapsed_s
HSMMLearn_CPP,50,10000,1000,0,291.027502
HSMMLearn_CPP,50,10000,1000,1,291.447378
HSMMLearn_CPP,50,10000,1000,2,291.330441
HSMMLearn_CPP,50,10000,1000,3,291.786988
HSMMLearn_CPP,50,10000,1000,4,291.572951
