{
  "n_steps": 100,
  "M": 10,
  "emission": "nonp",
  "duration": "nonp",
  "obs_seq": [
    5,
    8,
    1,
    1,
    3,
    5,
    7,
    5,
    5,
    10,
    2,
    6,
    6,
    5,
    9,
    3,
    10,
    4,
    6,
    6,
    9,
    5,
    3,
    1,
    4,
    9,
    1,
    9,
    6,
    2,
    4,
    6,
    4,
    2,
    7,
    7,
    2,
    3,
    3,
    7,
    8,
    8,
    10,
    8,
    4,
    2,
    7,
    10,
    10,
    3,
    3,
    1,
    2,
    6,
    6,
    4,
    4,
    9,
    5,
    9,
    10,
    4,
    3,
    10,
    7,
    3,
    7,
    6,
    10,
    3,
    10,
    10,
    2,
    2,
    6,
    1,
    3,
    5,
    10,
    10,
    2,
    9,
    1,
    8,
    9,
    9,
    3,
    9,
    2,
    6,
    5,
    4,
    1,
    8,
    4,
    7,
    5,
    4,
    9,
    1
  ],
  "pi": [
    0.055692,
    0.033741,
    0.011946,
    0.111866,
    0.056487,
    0.02508,
    0.037919,
    0.071787,
    0.021909,
    0.106166,
    0.094008,
    0.089168,
    0.053552,
    0.077747,
    0.072391,
    0.08054
  ],
  "trans_mat": [
    [
      0.0,
      0.041667,
      0.041667,
      0.041667,
      0.041667,
      0.041667,
      0.041667,
      0.041667,
      0.041667,
      0.041667,
      0.041667,
      0.041667,
      0.416667,
      0.041667,
      0.041667,
      0.041667
    ],
    [
      0.030303,
      0.0,
      0.030303,
      0.030303,
      0.030303,
      0.030303,
      0.030303,
      0.30303,
      0.030303,
      0.030303,
      0.030303,
      0.030303,
      0.030303,
      0.030303,
      0.030303,
      0.30303
    ],
    [
      0.041667,
      0.041667,
      0.0,
      0.041667,
      0.041667,
      0.041667,
      0.041667,
      0.041667,
      0.041667,
      0.041667,
      0.041667,
      0.416667,
      0.041667,
      0.041667,
      0.041667,
      0.041667
    ],
    [
      0.041667,
      0.416667,
      0.041667,
      0.0,
      0.041667,
      0.041667,
      0.041667,
      0.041667,
      0.041667,
      0.041667,
      0.041667,
      0.041667,
      0.041667,
      0.041667,
      0.041667,
      0.041667
    ],
    [
      0.030303,
      0.030303,
      0.030303,
      0.030303,
      0.0,
      0.030303,
      0.030303,
      0.030303,
      0.030303,
      0.030303,
      0.030303,
      0.030303,
      0.30303,
      0.030303,
      0.30303,
      0.030303
    ],
    [
      0.02381,
      0.238095,
      0.02381,
      0.02381,
      0.02381,
      0.0,
      0.02381,
      0.02381,
      0.238095,
      0.02381,
      0.02381,
      0.238095,
      0.02381,
      0.02381,
      0.02381,
      0.02381
    ],
    [
      0.030303,
      0.030303,
      0.30303,
      0.030303,
      0.030303,
      0.30303,
      0.0,
      0.030303,
      0.030303,
      0.030303,
      0.030303,
      0.030303,
      0.030303,
      0.030303,
      0.030303,
      0.030303
    ],
    [
      0.02381,
      0.02381,
      0.02381,
      0.02381,
      0.02381,
      0.238095,
      0.02381,
      0.0,
      0.02381,
      0.238095,
      0.02381,
      0.02381,
      0.02381,
      0.238095,
      0.02381,
      0.02381
    ],
    [
      0.030303,
      0.30303,
      0.030303,
      0.30303,
      0.030303,
      0.030303,
      0.030303,
      0.030303,
      0.0,
      0.030303,
      0.030303,
      0.030303,
      0.030303,
      0.030303,
      0.030303,
      0.030303
    ],
    [
      0.238095,
      0.02381,
      0.02381,
      0.02381,
      0.02381,
      0.02381,
      0.02381,
      0.02381,
      0.02381,
      0.0,
      0.02381,
      0.02381,
      0.02381,
      0.238095,
      0.02381,
      0.238095
    ],
    [
      0.041667,
      0.041667,
      0.041667,
      0.041667,
      0.041667,
      0.041667,
      0.041667,
      0.041667,
      0.041667,
      0.041667,
      0.0,
      0.041667,
      0.416667,
      0.041667,
      0.041667,
      0.041667
    ],
    [
      0.238095,
      0.02381,
      0.02381,
      0.02381,
      0.238095,
      0.02381,
      0.02381,
      0.02381,
      0.02381,
      0.02381,
      0.02381,
      0.0,
      0.02381,
      0.02381,
      0.02381,
      0.238095
    ],
    [
      0.02381,
      0.02381,
      0.238095,
      0.02381,
      0.02381,
      0.02381,
      0.02381,
      0.02381,
      0.02381,
      0.02381,
      0.238095,
      0.02381,
      0.0,
      0.02381,
      0.238095,
      0.02381
    ],
    [
      0.30303,
      0.030303,
      0.030303,
      0.030303,
      0.030303,
      0.030303,
      0.030303,
      0.030303,
      0.30303,
      0.030303,
      0.030303,
      0.030303,
      0.030303,
      0.0,
      0.030303,
      0.030303
    ],
    [
      0.02381,
      0.02381,
      0.02381,
      0.02381,
      0.02381,
      0.02381,
      0.02381,
      0.02381,
      0.238095,
      0.02381,
      0.02381,
      0.238095,
      0.238095,
      0.02381,
      0.0,
      0.02381
    ],
    [
      0.030303,
      0.030303,
      0.030303,
      0.030303,
      0.30303,
      0.030303,
      0.030303,
      0.030303,
      0.030303,
      0.030303,
      0.030303,
      0.030303,
      0.030303,
      0.30303,
      0.030303,
      0.0
    ]
  ],
  "n_bins": 10,
  "states": [
    {
      "id": 0,
      "name": "s0",
      "emission_probs": [
        0.410036,
        0.292795,
        0.267867,
        0.004186,
        0.004186,
        0.004186,
        0.004186,
        0.004186,
        0.004186,
        0.004186
      ],
      "duration_probs": [
        0.0556268,
        0.24314285,
        0.39754593,
        0.24314285,
        0.0556268,
        0.00476053,
        0.0001524,
        1.82e-06,
        1e-08,
        0.0
      ]
    },
    {
      "id": 1,
      "name": "s1",
      "emission_probs": [
        0.252126,
        0.188488,
        0.301775,
        0.242264,
        0.002558,
        0.002558,
        0.002558,
        0.002558,
        0.002558,
        0.002558
      ],
      "duration_probs": [
        0.06100086,
        0.24311049,
        0.38544251,
        0.24311049,
        0.06100086,
        0.00608915,
        0.0002418,
        3.82e-06,
        2e-08,
        0.0
      ]
    },
    {
      "id": 2,
      "name": "s2",
      "emission_probs": [
        0.281038,
        0.253322,
        0.172131,
        0.28095,
        0.002093,
        0.002093,
        0.002093,
        0.002093,
        0.002093,
        0.002093
      ],
      "duration_probs": [
        0.05492356,
        0.24311525,
        0.39917505,
        0.24311525,
        0.05492356,
        0.0046026,
        0.00014307,
        1.65e-06,
        1e-08,
        0.0
      ]
    },
    {
      "id": 3,
      "name": "s3",
      "emission_probs": [
        0.268165,
        0.183054,
        0.16283,
        0.243227,
        0.132526,
        0.00204,
        0.00204,
        0.00204,
        0.00204,
        0.00204
      ],
      "duration_probs": [
        0.06224897,
        0.24304455,
        0.38271059,
        0.24304455,
        0.06224897,
        0.00642997,
        0.00026787,
        4.5e-06,
        3e-08,
        0.0
      ]
    },
    {
      "id": 4,
      "name": "s4",
      "emission_probs": [
        0.143005,
        0.104218,
        0.261255,
        0.236664,
        0.244785,
        0.002014,
        0.002014,
        0.002014,
        0.002014,
        0.002014
      ],
      "duration_probs": [
        0.05961947,
        0.24315849,
        0.38849897,
        0.24315849,
        0.05961947,
        0.00572646,
        0.00021547,
        3.18e-06,
        2e-08,
        0.0
      ]
    },
    {
      "id": 5,
      "name": "s5",
      "emission_probs": [
        0.002145,
        0.276819,
        0.207801,
        0.231355,
        0.13936,
        0.133941,
        0.002145,
        0.002145,
        0.002145,
        0.002145
      ],