{
  "n_steps": 100,
  "M": 10,
  "emission": "nonp",
  "duration": "nonp",
  "obs_seq": [
    13,
    13,
    3,
    3,
    7,
    1,
    4,
    6,
    13,
    13,
    2,
    12,
    2,
    10,
    11,
    12,
    3,
    12,
    2,
    7,
    7,
    5,
    1,
    11,
    5,
    9,
    6,
    5,
    12,
    2,
    10,
    10,
    5,
    4,
    1,
    13,
    13,
    4,
    1,
    2,
    1,
    11,
    12,
    2,
    10,
    3,
    5,
    8,
    10,
    12,
    1,
    3,
    4,
    5,
    13,
    11,
    5,
    13,
    7,
    7,
    6,
    2,
    13,
    1,
    3,
    3,
    4,
    2,
    1,
    9,
    13,
    2,
    4,
    7,
    13,
    10,
    10,
    8,
    6,
    3,
    12,
    11,
    1,
    10,
    2,
    10,
    11,
    2,
    6,
    2,
    8,
    13,
    2,
    6,
    13,
    4,
    2,
    7,
    7,
    9
  ],
  "pi": [
    0.035872,
    0.06111,
    0.002358,
    0.099129,
    0.049877,
    0.080947,
    0.008556,
    0.050328,
    0.050747,
    0.096985,
    0.059125,
    0.048966,
    0.027609,
    0.034289,
    0.053845,
    0.04539,
    0.002235,
    0.085451,
    0.092677,
    0.014504
  ],
  "trans_mat": [
    [
      0.0,
      0.035714,
      0.035714,
      0.035714,
      0.035714,
      0.035714,
      0.035714,
      0.035714,
      0.035714,
      0.035714,
      0.035714,
      0.035714,
      0.035714,
      0.035714,
      0.035714,
      0.357143,
      0.035714,
      0.035714,
      0.035714,
      0.035714
    ],
    [
      0.027027,
      0.0,
      0.027027,
      0.027027,
      0.027027,
      0.027027,
      0.027027,
      0.027027,
      0.27027,
      0.27027,
      0.027027,
      0.027027,
      0.027027,
      0.027027,
      0.027027,
      0.027027,
      0.027027,
      0.027027,
      0.027027,
      0.027027
    ],
    [
      0.035714,
      0.035714,
      0.0,
      0.035714,
      0.035714,
      0.035714,
      0.035714,
      0.035714,
      0.035714,
      0.035714,
      0.035714,
      0.035714,
      0.035714,
      0.035714,
      0.357143,
      0.035714,
      0.035714,
      0.035714,
      0.035714,
      0.035714
    ],
    [
      0.035714,
      0.357143,
      0.035714,
      0.0,
      0.035714,
      0.035714,
      0.035714,
      0.035714,
      0.035714,
      0.035714,
      0.035714,
      0.035714,
      0.035714,
      0.035714,
      0.035714,
      0.035714,
      0.035714,
      0.035714,
      0.035714,
      0.035714
    ],
    [
      0.027027,
      0.027027,
      0.027027,
      0.027027,
      0.0,
      0.027027,
      0.027027,
      0.027027,
      0.027027,
      0.027027,
      0.027027,
      0.027027,
      0.027027,
      0.027027,
      0.27027,
      0.027027,
      0.027027,
      0.027027,
      0.27027,
      0.027027
    ],
    [
      0.021739,
      0.021739,
      0.217391,
      0.021739,
      0.021739,
      0.0,
      0.021739,
      0.021739,
      0.021739,
      0.021739,
      0.217391,
      0.021739,
      0.021739,
      0.021739,
      0.217391,
      0.021739,
      0.021739,
      0.021739,
      0.021739,
      0.021739
    ],
    [
      0.027027,
      0.027027,
      0.027027,
      0.27027,
      0.027027,
      0.027027,
      0.0,
      0.27027,
      0.027027,
      0.027027,
      0.027027,
      0.027027,
      0.027027,
      0.027027,
      0.027027,
      0.027027,
      0.027027,
      0.027027,
      0.027027,
      0.027027
    ],
    [
      0.021739,
      0.021739,
      0.021739,
      0.021739,
      0.021739,
      0.021739,
      0.021739,
      0.0,
      0.217391,
      0.021739,
      0.021739,
      0.217391,
      0.021739,
      0.021739,
      0.021739,
      0.021739,
      0.217391,
      0.021739,
      0.021739,
      0.021739
    ],
    [
      0.027027,
      0.27027,
      0.027027,
      0.027027,
      0.27027,
      0.027027,
      0.027027,
      0.027027,
      0.0,
      0.027027,
      0.027027,
      0.027027,
      0.027027,
      0.027027,
      0.027027,
      0.027027,
      0.027027,
      0.027027,
      0.027027,
      0.027027
    ],
    [
      0.021739,
      0.217391,
      0.021739,
      0.021739,
      0.021739,
      0.021739,
      0.021739,
      0.021739,
      0.021739,
      0.0,
      0.021739,
      0.021739,
      0.021739,
      0.021739,
      0.021739,
      0.021739,
      0.217391,
      0.021739,
      0.021739,
      0.217391
    ],
    [
      0.035714,
      0.035714,
      0.035714,
      0.035714,
      0.035714,
      0.035714,
      0.035714,
      0.035714,
      0.035714,
      0.035714,
      0.0,
      0.035714,
      0.035714,
      0.035714,
      0.035714,
      0.357143,
      0.035714,
      0.035714,
      0.035714,
      0.035714
    ],
    [
      0.021739,
      0.217391,
      0.021739,
      0.021739,
      0.021739,
      0.021739,
      0.217391,
      0.021739,
      0.021739,
      0.021739,
      0.021739,
      0.0,
      0.021739,
      0.021739,
      0.021739,
      0.021739,
      0.021739,
      0.021739,
      0.021739,
      0.217391
    ],
    [
      0.021739,
      0.021739,
      0.021739,
      0.217391,
      0.021739,
      0.021739,
      0.021739,
      0.021739,
      0.021739,
      0.021739,
      0.021739,
      0.021739,
      0.0,
      0.021739,
      0.217391,
      0.021739,
      0.021739,
      0.021739,
      0.217391,
      0.021739
    ],
    [
      0.27027,
      0.027027,
      0.027027,
      0.027027,
      0.027027,
      0.027027,
      0.027027,
      0.027027,
      0.027027,
      0.027027,
      0.27027,
      0.027027,
      0.027027,
      0.0,
      0.027027,
      0.027027,
      0.027027,
      0.027027,
      0.027027,
      0.027027
    ],
    [
      0.021739,
      0.021739,
      0.021739,
      0.021739,
      0.021739,
      0.021739,
      0.021739,
      0.021739,
      0.021739,
      0.021739,
      0.021739,
      0.217391,
      0.021739,
      0.021739,
      0.0,
      0.217391,
      0.021739,
      0.217391,
      0.021739,
      0.021739
    ],
    [
      0.027027,
      0.027027,
      0.027027,
      0.027027,
      0.027027,
      0.27027,
      0.027027,
      0.027027,
      0.027027,
      0.027027,
      0.027027,
      0.027027,
      0.027027,
      0.027027,
      0.027027,
      0.0,
      0.027027,
      0.027027,
      0.27027,
      0.027027
    ],
    [
      0.035714,
      0.035714,
      0.035714,
      0.035714,
      0.035714,
      0.035714,
      0.035714,
      0.035714,
      0.357143,
      0.035714,
      0.035714,
      0.035714,
      0.035714,
      0.035714,
      0.035714,
      0.035714,
      0.0,
      0.035714,
      0.035714,
      0.035714
    ],
    [
      0.021739,
      0.021739,
      0.217391,
      0.217391,
      0.021739,
      0.021739,
      0.021739,
      0.021739,
      0.217391,
      0.021739,
      0.021739,
      0.021739,
      0.021739,
      0.021739,
      0.021739,
      0.021739,
      0.021739,
      0.0,
      0.021739,
      0.021739
    ],
    [
      0.035714,
      0.035714,
      0.035714,
      0.035714,
      0.357143,
      0.035714,
      0.035714,
      0.035714,
      0.035714,
      0.035714,
      0.035714,
      0.035714,
      0.035714,
      0.035714,
      0.035714,
      0.035714,
      0.035714,
      0.035714,
      0.0,
      0.035714
    ],
    [
      0.027027,
      0.027027,
      0.027027,
      0.027027,
      0.027027,
      0.027027,
      0.027027,
      0.027027,
      0.027027,
      0.027027,
      0.027027,
      0.027027,
      0.27027,
      0.027027,
      0.027027,
      0.027027,
      0.027027,
      0.27027,
      0.027027,
      0.0
    ]
  ],
  "n_bins": 13,
  "states": [
    {
      "id": 0,
      "name": "s0",