{
  "n_steps": 20,
  "M": 4,
  "emission": "nonp",
  "duration": "nonp",
  "obs_seq": [
    8,
    2,
    4,
    5,
    5,
    1,
    6,
    2,
    8,
    7,
    10,
    8,
    4,
    10,
    5,
    4,
    10,
    4,
    1,
    5
  ],
  "pi": [
    0.362135,
    0.434614,
    0.203251
  ],
  "trans_mat": [
    [
      0.0,
      0.090909,
      0.909091
    ],
    [
      0.5,
      0.0,
      0.5
    ],
    [
      0.5,
      0.5,
      0.0
    ]
  ],
  "n_bins": 10,
  "states": [
    {
      "id": 0,
      "name": "s0",
      "emission_probs": [
        0.128085,
        0.31495,
        0.26948,
        0.274764,
        0.00212,
        0.00212,
        0.00212,
        0.00212,
        0.00212,
        0.00212
      ],
      "duration_probs": [
        0.07562383,
        0.26297838,
        0.39841942,
        0.26297838
      ]
    },
    {
      "id": 1,
      "name": "s1",
      "emission_probs": [
        0.001354,
        0.086394,
        0.130026,
        0.119251,
        0.194523,
        0.156221,
        0.180442,
        0.129082,
        0.001354,
        0.001354
      ],
      "duration_probs": [
        0.07421154,
        0.26270578,
        0.4003769,
        0.26270578
      ]
    },
    {
      "id": 2,
      "name": "s2",
      "emission_probs": [
        0.00265,
        0.00265,
        0.00265,
        0.00265,
        0.00265,
        0.00265,
        0.195384,
        0.282138,
        0.152074,
        0.354502
      ],
      "duration_probs": [
        0.07211183,
        0.262274,
        0.40334018,
        0.262274
      ]
    }
  ],
  "seed": 42
}