{
  "n_steps": 100,
  "M": 10,
  "emission": "nonp",
  "duration": "nonp",
  "obs_seq": [
    6,
    6,
    1,
    6,
    8,
    4,
    7,
    1,
    4,
    5,
    10,
    3,
    3,
    5,
    10,
    9,
    1,
    3,
    9,
    1,
    9,
    3,
    10,
    3,
    5,
    7,
    2,
    6,
    6,
    8,
    10,
    7,
    5,
    5,
    5,
    9,
    4,
    2,
    4,
    1,
    2,
    1,
    8,
    8,
    7,
    5,
    8,
    2,
    10,
    6,
    10,
    2,
    5,
    7,
    5,
    5,
    2,
    4,
    3,
    4,
    7,
    7,
    7,
    4,
    10,
    1,
    4,
    2,
    4,
    10,
    4,
    10,
    5,
    7,
    5,
    3,
    8,
    10,
    3,
    8,
    3,
    8,
    8,
    5,
    8,
    3,
    1,
    1,
    5,
    10,
    2,
    5,
    8,
    3,
    8,
    4,
    9,
    6,
    6,
    2
  ],
  "pi": [
    0.037331,
    0.0534,
    0.001967,
    0.210205,
    0.177596,
    0.188365,
    0.20855,
    0.122586
  ],
  "trans_mat": [
    [
      0.0,
      0.0625,
      0.0625,
      0.0625,
      0.0625,
      0.0625,
      0.625,
      0.0625
    ],
    [
      0.04,
      0.0,
      0.04,
      0.4,
      0.4,
      0.04,
      0.04,
      0.04
    ],
    [
      0.0625,
      0.0625,
      0.0,
      0.0625,
      0.0625,
      0.625,
      0.0625,
      0.0625
    ],
    [
      0.625,
      0.0625,
      0.0625,
      0.0,
      0.0625,
      0.0625,
      0.0625,
      0.0625
    ],
    [
      0.04,
      0.04,
      0.04,
      0.04,
      0.0,
      0.04,
      0.4,
      0.4
    ],
    [
      0.294118,
      0.029412,
      0.029412,
      0.294118,
      0.029412,
      0.0,
      0.294118,
      0.029412
    ],
    [
      0.04,
      0.4,
      0.4,
      0.04,
      0.04,
      0.04,
      0.0,
      0.04
    ],
    [
      0.029412,
      0.029412,
      0.294118,
      0.294118,
      0.029412,
      0.294118,
      0.029412,
      0.0
    ]
  ],
  "n_bins": 10,
  "states": [
    {
      "id": 0,
      "name": "s0",
      "emission_probs": [
        0.30145,
        0.435299,
        0.234629,
        0.004089,
        0.004089,
        0.004089,
        0.004089,
        0.004089,
        0.004089,
        0.004089
      ],
      "duration_probs": [
        0.06343426,
        0.24296257,
        0.38014084,
        0.24296257,
        0.06343426,
        0.00676547,
        0.00029476,
        5.25e-06,
        4e-08,
        0.0
      ]
    },
    {
      "id": 1,
      "name": "s1",
      "emission_probs": [
        0.286314,
        0.244368,
        0.271428,
        0.185048,
        0.00214,
        0.00214,
        0.00214,
        0.00214,
        0.00214,
        0.00214
      ],
      "duration_probs": [
        0.05653302,
        0.24316718,
        0.39546302,
        0.24316718,
        0.05653302,
        0.00496933,
        0.00016515,
        2.08e-06,
        1e-08,
        0.0
      ]
    },
    {
      "id": 2,
      "name": "s2",
      "emission_probs": [
        0.001694,
        0.250814,
        0.237674,
        0.218238,
        0.119358,
        0.165446,
        0.001694,
        0.001694,
        0.001694,
        0.001694
      ],
      "duration_probs": [
        0.05611974,
        0.24315764,
        0.39641068,
        0.24315764,
        0.05611974,
        0.00487336,
        0.00015923,
        1.96e-06,
        1e-08,
        0.0
      ]
    },
    {
      "id": 3,
      "name": "s3",
      "emission_probs": [
        0.001926,
        0.001926,
        0.106636,
        0.12791,
        0.229723,
        0.241606,
        0.284497,
        0.001926,
        0.001926,
        0.001926
      ],
      "duration_probs": [
        0.06500174,
        0.24282582,
        0.37677737,
        0.24282582,
        0.06500174,
        0.00722729,
        0.00033377,
        6.4e-06,
        5e-08,
        0.0
      ]
    },
    {
      "id": 4,
      "name": "s4",
      "emission_probs": [
        0.002448,
        0.002448,
        0.002448,
        0.204597,
        0.215522,
        0.23978,
        0.171219,
        0.156643,
        0.002448,
        0.002448
      ],
      "duration_probs": [
        0.06188435,
        0.243066,
        0.38350587,
        0.243066,
        0.06188435,
        0.0063291,
        0.00026002,
        4.29e-06,
        3e-08,
        0.0
      ]
    },
    {
      "id": 5,
      "name": "s5",
      "emission_probs": [
        0.001908,
        0.001908,
        0.001908,
        0.001908,
        0.188031,
        0.140571,
        0.225058,
        0.180676,
        0.256126,
        0.001908
      ],
      "duration_probs": [
        0.06337886,
        0.24296681,
        0.38026042,
        0.24296681,
        0.06337886,
        0.00674953,
        0.00029345,
        5.21e-06,
        4e-08,
        0.0
      ]
    },
    {
      "id": 6,
      "name": "s6",
      "emission_probs": [
        0.002105,
        0.002105,
        0.002105,
        0.002105,
        0.002105,
        0.002105,
        0.254811,
        0.173142,
        0.282601,
        0.276813
      ],
      "duration_probs": [
        0.06650632,
        0.2426649,
        0.37358402,
        0.2426649,
        0.06650632,
        0.00769053,
        0.00037522,
        7.72e-06,
        7e-08,
        0.0
      ]
    },
    {
      "id": 7,
      "name": "s7",
      "emission_probs": [
        0.00338,
        0.00338,
        0.00338,
        0.00338,
        0.00338,
        0.00338,
        0.00338,
        0.303376,
        0.26986,
        0.403101
      ],
      "duration_probs": [
        0.06447363,
        0.24287545,
        0.37790628,
        0.24287545,
        0.06447363,
        0.00706935,
        0.00032017,
        5.99e-06,
        5e-08,
        0.0
      ]
    }
  ],
  "seed": 42
}