{
  "seed": 42,
  "n_steps": 20,
  "M": 5,
  "emission": "nonp",
  "duration": "nonp",
  "obs_seq": [
    1,
    1,
    3,
    2,
    2,
    2,
    1,
    5,
    1,
    5,
    4,
    1,
    1,
    1,
    2,
    2,
    5,
    5,
    1,
    5
  ],
  "pi": [
    0.85,
    0.1,
    0.05,
    0.0,
    0.0,
    0.0,
    0.0,
    0.0,
    0.0,
    0.0
  ],
  "trans_mat": [
    [
      0.0,
      0.85,
      0.05,
      0.0,
      0.0,
      0.0,
      0.0,
      0.0,
      0.0,
      0.1
    ],
    [
      0.15,
      0.0,
      0.7,
      0.1,
      0.0,
      0.0,
      0.0,
      0.0,
      0.0,
      0.05
    ],
    [
      0.05,
      0.2,
      0.0,
      0.6,
      0.0,
      0.0,
      0.1,
      0.0,
      0.0,
      0.05
    ],
    [
      0.0,
      0.05,
      0.15,
      0.0,
      0.55,
      0.0,
      0.2,
      0.0,
      0.0,
      0.05
    ],
    [
      0.0,
      0.0,
      0.05,
      0.2,
      0.0,
      0.7,
      0.0,
      0.0,
      0.0,
      0.05
    ],
    [
      0.0,
      0.0,
      0.0,
      0.2,
      0.75,
      0.0,
      0.0,
      0.0,
      0.0,
      0.05
    ],
    [
      0.0,
      0.0,
      0.05,
      0.1,
      0.0,
      0.0,
      0.0,
      0.8,
      0.0,
      0.05
    ],
    [
      0.0,
      0.0,
      0.0,
      0.05,
      0.0,
      0.0,
      0.15,
      0.0,
      0.75,
      0.05
    ],
    [
      0.05,
      0.0,
      0.1,
      0.65,
      0.0,
      0.0,
      0.1,
      0.05,
      0.0,
      0.05
    ],
    [
      0.4211,
      0.1053,
      0.4211,
      0.0526,
      0.0,
      0.0,
      0.0,
      0.0,
      0.0,
      0.0
    ]
  ],
  "n_bins": 13,
  "states": [
    {
      "id": 0,
      "name": "Awake",
      "emission_probs": [
        0.001,
        0.001,
        0.002,
        0.002,
        0.002,
        0.01,
        0.03,
        0.15,
        0.3,
        0.3,
        0.15,
        0.04,
        0.012
      ],
      "duration_probs": [
        0.04299193783004916,
        0.13059797572339632,
        0.2543701230092912,
        0.3176698404279721,
        0.2543701230092912
      ]
    },
    {
      "id": 1,
      "name": "Drowsy",
      "emission_probs": [
        0.001,
        0.002,
        0.005,
        0.01,
        0.02,
        0.05,
        0.1,
        0.25,
        0.3,
        0.15,
        0.08,
        0.02,
        0.012
      ],
      "duration_probs": [
        0.012023779877451284,
        0.056965276665818014,
        0.17304523114283052,
        0.33704608733906577,
        0.4209196249748344
      ]
    },
    {
      "id": 2,
      "name": "Light N1",
      "emission_probs": [
        0.002,
        0.005,
        0.02,
        0.05,
        0.1,
        0.2,
        0.3,
        0.2,
        0.08,
        0.03,
        0.01,
        0.002,
        0.001
      ],
      "duration_probs": [
        0.02204615474365985,
        0.06790693729527526,
        0.1629002741666087,
        0.3043377786763674,
        0.4428088551180889
      ]
    },
    {
      "id": 3,
      "name": "Light N2",
      "emission_probs": [
        0.002,
        0.01,
        0.05,
        0.1,
        0.2,
        0.3,
        0.2,
        0.1,
        0.03,
        0.005,
        0.002,
        0.001,
        0.0
      ],
      "duration_probs": [
        0.009904912395480112,
        0.03917468845793088,
        0.12066653543923345,
        0.2894639706737824,
        0.5407898930335733
      ]
    },
    {
      "id": 4,
      "name": "Deep N3",
      "emission_probs": [
        0.15,
        0.3,
        0.35,
        0.15,
        0.04,
        0.005,
        0.002,
        0.001,
        0.001,
        0.001,
        0.0,
        0.0,
        0.0
      ],
      "duration_probs": [
        0.004229314724789372,
        0.02147823241259638,
        0.08494805706453822,
        0.26165843665304106,
        0.6276859591450351
      ]
    },
    {
      "id": 5,
      "name": "Deep N4",
      "emission_probs": [
        0.2,
        0.35,
        0.3,
        0.12,
        0.03,
        0.0,
        0.0,
        0.0,
        0.0,
        0.0,
        0.0,
        0.0,
        0.0
      ],
      "duration_probs": [
        0.0017390118257605564,
        0.011339781563899613,
        0.05758816257157151,
        0.22776560130258847,
        0.7015674427361798
      ]
    },
    {
      "id": 6,
      "name": "REM Early",
      "emission_probs": [
        0.02,
        0.05,
        0.1,
        0.2,
        0.3,
        0.2,
        0.08,
        0.03,
        0.01,
        0.005,
        0.003,
        0.001,
        0.001
      ],
      "duration_probs": [
        0.009904912395480112,
        0.03917468845793088,
        0.12066653543923345,
        0.2894639706737824,
        0.5407898930335733
      ]
    },
    {
      "id": 7,
      "name": "REM Mid",
      "emission_probs": [
        0.01,
        0.03,
        0.08,
        0.15,
        0.3,
        0.25,
        0.12,
        0.04,
        0.01,
        0.005,
        0.003,
        0.001,
        0.001
      ],
      "duration_probs": [
        0.004229314724789372,
        0.02147823241259638,
        0.08494805706453822,
        0.26165843665304106,
        0.6276859591450351
      ]
    },
    {
      "id": 8,
      "name": "REM Late",
      "emission_probs": [
        0.005,
        0.01,
        0.03,
        0.08,
        0.2,
        0.35,
        0.2,
        0.08,
        0.03,
        0.01,
        0.003,
        0.001,
        0.001
      ],
      "duration_probs": [
        0.012064865209313673,
        0.04005676315197781,
        0.11332927584942615,
        0.2732255178738565,
        0.5613235779154259
      ]
    },
    {
      "id": 9,
      "name": "Micro-Arousal",
      "emission_probs": [
        0.001,
        0.002,
        0.005,
        0.01,
        0.02,
        0.05,
        0.1,
        0.2,
        0.25,
        0.2,
        0.1,
        0.04,
        0.022
      ],
      "duration_probs": [
        0.05448868454964294,
        0.24420134200323332,
        0.4026199468942474,
        0.24420134200323332,
        0.05448868454964294
      ]
    }
  ]
}