function,n_states,timesteps,max_duration,iteration,elapsed_s
HSMMLearn_OMP,10,100000,1000,0,7.040405
HSMMLearn_OMP,10,100000,1000,1,7.617424
HSMMLearn_OMP,10,100000,1000,2,7.715722
HSMMLearn_OMP,10,100000,1000,3,7.763355
HSMMLearn_OMP,10,100000,1000,4,7.750386
HSMMLearn_OMP,10,100000,1000,5,7.757127
