function,n_states,timesteps,max_duration,iteration,elapsed_s
HSMMLearn_OMP,10,100000,500,0,85.328763
HSMMLearn_OMP,10,100000,500,1,79.644323
HSMMLearn_OMP,10,100000,500,2,87.215275
HSMMLearn_OMP,10,100000,500,3,92.066937
HSMMLearn_OMP,10,100000,500,4,92.039558
HSMMLearn_OMP,10,100000,500,5,90.526763
