function,n_states,timesteps,max_duration,iteration,elapsed_s
HSMMLearn_OMP,10,100000,250,0,87.331266
HSMMLearn_OMP,10,100000,250,1,86.775686
HSMMLearn_OMP,10,100000,250,2,87.242794
HSMMLearn_OMP,10,100000,250,3,79.316618
HSMMLearn_OMP,10,100000,250,4,82.663965
HSMMLearn_OMP,10,100000,250,5,81.525648
