function,n_states,timesteps,max_duration,iteration,elapsed_s
HSMMLearn_OMP,10,100000,1000,0,102.876779
HSMMLearn_OMP,10,100000,1000,1,91.180193
HSMMLearn_OMP,10,100000,1000,2,89.068629
HSMMLearn_OMP,10,100000,1000,3,104.820478
HSMMLearn_OMP,10,100000,1000,4,102.475182
HSMMLearn_OMP,10,100000,1000,5,106.824520
