function,n_states,timesteps,max_duration,iteration,elapsed_s
HSMMLearn_OMP,10,10000,1000,0,9.956427
HSMMLearn_OMP,10,10000,1000,1,9.945937
HSMMLearn_OMP,10,10000,1000,2,10.078580
HSMMLearn_OMP,10,10000,1000,3,10.167701
HSMMLearn_OMP,10,10000,1000,4,10.146177
HSMMLearn_OMP,10,10000,1000,5,10.289010
