function,n_states,timesteps,max_duration,iteration,elapsed_s
HSMMLearn_OMP,10,100000,100,0,83.350633
HSMMLearn_OMP,10,100000,100,1,80.485093
HSMMLearn_OMP,10,100000,100,2,81.987162
HSMMLearn_OMP,10,100000,100,3,82.338642
HSMMLearn_OMP,10,100000,100,4,83.380129
HSMMLearn_OMP,10,100000,100,5,81.645878
