function,n_states,timesteps,max_duration,iteration,elapsed_s
HSMMLearn_OMP,15,100000,100,0,85.597885
HSMMLearn_OMP,15,100000,100,1,84.491245
HSMMLearn_OMP,15,100000,100,2,84.733290
HSMMLearn_OMP,15,100000,100,3,83.173987
HSMMLearn_OMP,15,100000,100,4,84.293482
HSMMLearn_OMP,15,100000,100,5,84.666243
