function,n_states,timesteps,max_duration,iteration,elapsed_s
HSMMLearn_CPP,15,10000,1000,0,13.360068
HSMMLearn_CPP,15,10000,1000,1,13.331019
HSMMLearn_CPP,15,10000,1000,2,13.403733
HSMMLearn_CPP,15,10000,1000,3,13.429114
HSMMLearn_CPP,15,10000,1000,4,13.429374
HSMMLearn_CPP,15,10000,1000,5,13.419625
