function,n_states,timesteps,max_duration,iteration,elapsed_s
HSMMLearn_OMP,15,100000,500,0,96.361390
HSMMLearn_OMP,15,100000,500,1,91.339363
HSMMLearn_OMP,15,100000,500,2,90.347658
HSMMLearn_OMP,15,100000,500,3,97.284718
HSMMLearn_OMP,15,100000,500,4,98.042818
HSMMLearn_OMP,15,100000,500,5,97.555345
