function,n_states,timesteps,max_duration,iteration,elapsed_s
HSMMLearn_OMP,15,100000,250,0,86.774667
HSMMLearn_OMP,15,100000,250,1,88.730713
HSMMLearn_OMP,15,100000,250,2,87.015373
HSMMLearn_OMP,15,100000,250,3,87.550628
HSMMLearn_OMP,15,100000,250,4,86.590387
HSMMLearn_OMP,15,100000,250,5,86.731449
