function,n_states,timesteps,max_duration,iteration,elapsed_s
HSMMLearn_OMP,25,100000,1000,0,18.198302
HSMMLearn_OMP,25,100000,1000,1,20.441166
HSMMLearn_OMP,25,100000,1000,2,21.206018
HSMMLearn_OMP,25,100000,1000,3,21.154778
HSMMLearn_OMP,25,100000,1000,4,21.324304
HSMMLearn_OMP,25,100000,1000,5,21.003224
