function,n_states,timesteps,max_duration,iteration,elapsed_s
HSMMLearn_CPP,25,10000,1000,0,34.686934
HSMMLearn_CPP,25,10000,1000,1,34.864009
HSMMLearn_CPP,25,10000,1000,2,34.929319
HSMMLearn_CPP,25,10000,1000,3,35.068386
HSMMLearn_CPP,25,10000,1000,4,35.072480
HSMMLearn_CPP,25,10000,1000,5,35.053150
