function,n_states,timesteps,max_duration,iteration,elapsed_s
HSMMLearn_CPP,50,10000,1000,0,127.510670
HSMMLearn_CPP,50,10000,1000,1,128.159727
HSMMLearn_CPP,50,10000,1000,2,128.074438
HSMMLearn_CPP,50,10000,1000,3,128.571802
HSMMLearn_CPP,50,10000,1000,4,128.082921
HSMMLearn_CPP,50,10000,1000,5,127.646496
