function,n_states,timesteps,max_duration,iteration,elapsed_s
HSMMLearn_CPP,75,10000,1000,0,268.849664
HSMMLearn_CPP,75,10000,1000,1,269.188259
HSMMLearn_CPP,75,10000,1000,2,269.507323
HSMMLearn_CPP,75,10000,1000,3,269.858755
HSMMLearn_CPP,75,10000,1000,4,269.966519
HSMMLearn_CPP,75,10000,1000,5,269.552935
