function,n_states,timesteps,max_duration,iteration,elapsed_s
HSMMLearn_CPP,75,10000,500,0,141.194163
HSMMLearn_CPP,75,10000,500,1,140.717800
HSMMLearn_CPP,75,10000,500,2,139.510270
HSMMLearn_CPP,75,10000,500,3,139.983427
HSMMLearn_CPP,75,10000,500,4,140.731068
HSMMLearn_CPP,75,10000,500,5,140.470311
