function,n_states,timesteps,max_duration,iteration,elapsed_s
HSMMLearn_OMP,75,100000,1000,0,88.332156
HSMMLearn_OMP,75,100000,1000,1,89.442973
HSMMLearn_OMP,75,100000,1000,2,89.836495
HSMMLearn_OMP,75,100000,1000,3,89.609871
HSMMLearn_OMP,75,100000,1000,4,89.198008
HSMMLearn_OMP,75,100000,1000,5,88.673933
