function,n_states,timesteps,max_duration,iteration,elapsed_s
HSMMLearn_OMP,10,100000,1000,0,70.301763
HSMMLearn_OMP,10,100000,1000,1,68.883754
HSMMLearn_OMP,10,100000,1000,2,64.821495
HSMMLearn_OMP,10,100000,1000,3,67.395610
HSMMLearn_OMP,10,100000,1000,4,68.482832
HSMMLearn_OMP,10,100000,1000,5,69.415027
