function,n_states,timesteps,max_duration,iteration,elapsed_s
HSMMLearn_OMP,10,100000,500,0,43.695226
HSMMLearn_OMP,10,100000,500,1,42.395178
HSMMLearn_OMP,10,100000,500,2,42.504665
HSMMLearn_OMP,10,100000,500,3,41.500958
HSMMLearn_OMP,10,100000,500,4,40.697986
HSMMLearn_OMP,10,100000,500,5,41.498997
