function,n_states,timesteps,max_duration,iteration,elapsed_s
HSMMLearn_OMP,10,100000,100,0,21.701927
HSMMLearn_OMP,10,100000,100,1,20.991419
HSMMLearn_OMP,10,100000,100,2,21.202317
HSMMLearn_OMP,10,100000,100,3,21.406962
HSMMLearn_OMP,10,100000,100,4,21.288858
HSMMLearn_OMP,10,100000,100,5,21.204564
