function,n_states,timesteps,max_duration,iteration,elapsed_s
HSMMLearn_OMP,15,100000,100,0,22.806413
HSMMLearn_OMP,15,100000,100,1,22.496006
HSMMLearn_OMP,15,100000,100,2,22.816603
HSMMLearn_OMP,15,100000,100,3,26.506170
HSMMLearn_OMP,15,100000,100,4,23.587661
HSMMLearn_OMP,15,100000,100,5,23.480916
