function,n_states,timesteps,max_duration,iteration,elapsed_s
HSMMLearn_OMP,15,100000,500,0,55.622048
HSMMLearn_OMP,15,100000,500,1,56.103176
HSMMLearn_OMP,15,100000,500,2,55.700024
HSMMLearn_OMP,15,100000,500,3,55.698692
HSMMLearn_OMP,15,100000,500,4,56.791491
HSMMLearn_OMP,15,100000,500,5,55.004461
