function,n_states,timesteps,max_duration,iteration,elapsed_s
HSMMLearn_OMP,15,100000,250,0,35.715640
HSMMLearn_OMP,15,100000,250,1,35.997468
HSMMLearn_OMP,15,100000,250,2,36.693279
HSMMLearn_OMP,15,100000,250,3,36.691712
HSMMLearn_OMP,15,100000,250,4,37.305410
HSMMLearn_OMP,15,100000,250,5,35.704187
