function,n_states,timesteps,max_duration,iteration,elapsed_s
HSMMLearn_CPP,15,10000,1000,0,14.760911
HSMMLearn_CPP,15,10000,1000,1,14.735530
HSMMLearn_CPP,15,10000,1000,2,14.756576
HSMMLearn_CPP,15,10000,1000,3,14.746688
HSMMLearn_CPP,15,10000,1000,4,14.752261
HSMMLearn_CPP,15,10000,1000,5,14.733130
