function,n_states,timesteps,max_duration,iteration,elapsed_s
HSMMLearn_OMP,25,100000,100,0,32.617500
HSMMLearn_OMP,25,100000,100,1,32.182085
HSMMLearn_OMP,25,100000,100,2,32.216560
HSMMLearn_OMP,25,100000,100,3,32.223080
HSMMLearn_OMP,25,100000,100,4,32.401202
HSMMLearn_OMP,25,100000,100,5,32.293187
