function,n_states,timesteps,max_duration,iteration,elapsed_s
HSMMLearn_OMP,25,100000,500,0,87.138883
HSMMLearn_OMP,25,100000,500,1,83.693625
HSMMLearn_OMP,25,100000,500,2,81.705372
HSMMLearn_OMP,25,100000,500,3,82.877089
HSMMLearn_OMP,25,100000,500,4,83.116063
HSMMLearn_OMP,25,100000,500,5,81.383389
