function,n_states,timesteps,max_duration,iteration,elapsed_s
HSMMLearn_CPP,25,10000,1000,0,38.192785
HSMMLearn_CPP,25,10000,1000,1,38.342404
HSMMLearn_CPP,25,10000,1000,2,38.531762
HSMMLearn_CPP,25,10000,1000,3,38.454758
HSMMLearn_CPP,25,10000,1000,4,39.100132
HSMMLearn_CPP,25,10000,1000,5,38.930430
