function,n_states,timesteps,max_duration,iteration,elapsed_s
HSMMLearn_OMP,25,100000,250,0,53.545940
HSMMLearn_OMP,25,100000,250,1,52.784244
HSMMLearn_OMP,25,100000,250,2,50.973712
HSMMLearn_OMP,25,100000,250,3,51.833398
HSMMLearn_OMP,25,100000,250,4,51.998853
HSMMLearn_OMP,25,100000,250,5,52.160284
