function,n_states,timesteps,max_duration,iteration,elapsed_s
HSMMLearn_CPP,10,100000,1000,0,55.956829
HSMMLearn_CPP,10,100000,1000,1,55.802714
HSMMLearn_CPP,10,100000,1000,2,56.492543
HSMMLearn_CPP,10,100000,1000,3,56.598264
HSMMLearn_CPP,10,100000,1000,4,55.471188
HSMMLearn_CPP,10,100000,1000,5,55.333046
