function,n_states,timesteps,max_duration,iteration,elapsed_s
HSMMLearn_CPP,10,100000,500,0,28.533878
HSMMLearn_CPP,10,100000,500,1,28.458412
HSMMLearn_CPP,10,100000,500,2,28.379437
HSMMLearn_CPP,10,100000,500,3,28.693995
HSMMLearn_CPP,10,100000,500,4,28.501395
HSMMLearn_CPP,10,100000,500,5,28.252720
