function,n_states,timesteps,max_duration,iteration,elapsed_s
HSMMLearn_OMP,10,100000,1000,0,13.455905
HSMMLearn_OMP,10,100000,1000,1,13.714987
HSMMLearn_OMP,10,100000,1000,2,14.232688
HSMMLearn_OMP,10,100000,1000,3,14.270551
HSMMLearn_OMP,10,100000,1000,4,14.324300
HSMMLearn_OMP,10,100000,1000,5,14.258224
