function,n_states,timesteps,max_duration,iteration,elapsed_s
HSMMLearn_CPP,10,100000,250,0,13.844305
HSMMLearn_CPP,10,100000,250,1,13.764828
HSMMLearn_CPP,10,100000,250,2,13.694412
HSMMLearn_CPP,10,100000,250,3,13.903758
HSMMLearn_CPP,10,100000,250,4,13.700862
HSMMLearn_CPP,10,100000,250,5,14.242576
