function,n_states,timesteps,max_duration,iteration,elapsed_s
HSMMLearn_CPP,15,100000,1000,0,269.327995
HSMMLearn_CPP,15,100000,1000,1,287.409494
HSMMLearn_CPP,15,100000,1000,2,124.110376
HSMMLearn_CPP,15,100000,1000,3,110.218476
HSMMLearn_CPP,15,100000,1000,4,112.457048
HSMMLearn_CPP,15,100000,1000,5,110.405527
