function,n_states,timesteps,max_duration,iteration,elapsed_s
HSMMLearn_CPP,15,100000,250,0,31.762207
HSMMLearn_CPP,15,100000,250,1,32.133701
HSMMLearn_CPP,15,100000,250,2,31.858754
HSMMLearn_CPP,15,100000,250,3,32.675688
HSMMLearn_CPP,15,100000,250,4,31.884539
HSMMLearn_CPP,15,100000,250,5,31.698553
