function,n_states,timesteps,max_duration,iteration,elapsed_s
HSMMLearn_CPP,15,100000,100,0,12.749547
HSMMLearn_CPP,15,100000,100,1,12.798978
HSMMLearn_CPP,15,100000,100,2,13.169377
HSMMLearn_CPP,15,100000,100,3,13.119963
HSMMLearn_CPP,15,100000,100,4,13.218460
HSMMLearn_CPP,15,100000,100,5,12.814603
