function,n_states,timesteps,max_duration,iteration,elapsed_s
HSMMLearn_OMP,15,100000,1000,0,24.373413
HSMMLearn_OMP,15,100000,1000,1,24.762330
HSMMLearn_OMP,15,100000,1000,2,25.920429
HSMMLearn_OMP,15,100000,1000,3,26.225666
HSMMLearn_OMP,15,100000,1000,4,27.896383
HSMMLearn_OMP,15,100000,1000,5,33.156205
