function,n_states,timesteps,max_duration,iteration,elapsed_s
HSMMLearn_CPP,15,10000,1000,0,25.069000
HSMMLearn_CPP,15,10000,1000,1,24.698724
HSMMLearn_CPP,15,10000,1000,2,25.075596
HSMMLearn_CPP,15,10000,1000,3,24.961105
HSMMLearn_CPP,15,10000,1000,4,24.417659
HSMMLearn_CPP,15,10000,1000,5,25.010078
