function,n_states,timesteps,max_duration,iteration,elapsed_s
HSMMLearn_CPP,15,100000,500,0,64.429368
HSMMLearn_CPP,15,100000,500,1,64.170581
HSMMLearn_CPP,15,100000,500,2,64.163773
HSMMLearn_CPP,15,100000,500,3,63.462150
HSMMLearn_CPP,15,100000,500,4,64.106392
HSMMLearn_CPP,15,100000,500,5,63.436636
