function,n_states,timesteps,max_duration,iteration,elapsed_s
HSMMLearn_OMP,15,100000,500,0,13.807071
HSMMLearn_OMP,15,100000,500,1,14.454824
HSMMLearn_OMP,15,100000,500,2,13.561997
HSMMLearn_OMP,15,100000,500,3,14.278455
HSMMLearn_OMP,15,100000,500,4,14.143127
HSMMLearn_OMP,15,100000,500,5,13.749897
