function,n_states,timesteps,max_duration,iteration,elapsed_s
HSMMLearn_CPP,25,100000,250,0,84.731067
HSMMLearn_CPP,25,100000,250,1,85.077750
HSMMLearn_CPP,25,100000,250,2,85.939606
HSMMLearn_CPP,25,100000,250,3,85.719047
HSMMLearn_CPP,25,100000,250,4,85.427001
HSMMLearn_CPP,25,100000,250,5,85.553665
