function,n_states,timesteps,max_duration,iteration,elapsed_s
HSMMLearn_CPP,25,100000,100,0,35.545673
HSMMLearn_CPP,25,100000,100,1,35.451679
HSMMLearn_CPP,25,100000,100,2,35.199669
HSMMLearn_CPP,25,100000,100,3,35.144867
HSMMLearn_CPP,25,100000,100,4,35.212708
HSMMLearn_CPP,25,100000,100,5,35.403162
