function,n_states,timesteps,max_duration,iteration,elapsed_s
HSMMLearn_OMP,25,100000,250,0,17.838559
HSMMLearn_OMP,25,100000,250,1,17.806506
HSMMLearn_OMP,25,100000,250,2,18.909896
HSMMLearn_OMP,25,100000,250,3,18.892035
HSMMLearn_OMP,25,100000,250,4,18.385060
HSMMLearn_OMP,25,100000,250,5,19.963992
