function,n_states,timesteps,max_duration,iteration,elapsed_s
HSMMLearn_CPP,25,10000,1000,0,29.334972
HSMMLearn_CPP,25,10000,1000,1,29.492088
HSMMLearn_CPP,25,10000,1000,2,29.335219
HSMMLearn_CPP,25,10000,1000,3,29.394119
HSMMLearn_CPP,25,10000,1000,4,29.379130
HSMMLearn_CPP,25,10000,1000,5,29.175020
